trade_date,signal_date,rebalance_number,action,symbol,quantity,price,trade_value,entry_date,entry_price,average_cost_before,average_cost_after,position_after,realized_pnl,pnl_vs_entry_price,cash_after,reason
2024-01-01,2023-12-29,1,ENTRY,BHEL,101.00,197.7780,19975.58,2024-01-01,197.7780,0.0000,197.7780,101.00,,,80024.42,Entered: rank 5 of 152 (top.n=5)
2024-01-01,2023-12-29,1,ENTRY,BSE,27.00,733.3497,19800.44,2024-01-01,733.3497,0.0000,733.3497,27.00,,,60223.98,Entered: rank 1 of 152 (top.n=5)
2024-01-01,2023-12-29,1,ENTRY,IDEA,1234.00,16.2000,19990.80,2024-01-01,16.2000,0.0000,16.2000,1234.00,,,40233.17,Entered: rank 3 of 152 (top.n=5)
2024-01-01,2023-12-29,1,ENTRY,NMDC,317.00,63.0103,19974.26,2024-01-01,63.0103,0.0000,63.0103,317.00,,,20258.92,"Entered: rank 7 of 152 (top.n=5, higher-ranked names skipped by sector cap)"
2024-01-01,2023-12-29,1,ENTRY,PRESTIGE,17.00,1158.9913,19702.85,2024-01-01,1158.9913,0.0000,1158.9913,17.00,,,556.06,Entered: rank 2 of 152 (top.n=5)
2024-01-31,2024-01-30,2,EXIT,BHEL,101.00,226.6000,22886.60,2024-01-01,197.7780,197.7780,0.0000,0.00,2911.01,2911.01,23442.66,"Rank 7 of 155, below exit rank 5"
2024-01-31,2024-01-30,2,EXIT,BSE,27.00,728.1421,19659.84,2024-01-01,733.3497,733.3497,0.0000,0.00,-140.61,-140.61,43102.50,"Rank 9 of 155, below exit rank 5"
2024-01-31,2024-01-30,2,EXIT,IDEA,1234.00,14.5000,17893.00,2024-01-01,16.2000,16.2000,0.0000,0.00,-2097.80,-2097.80,60995.50,"Rank 59 of 155, below exit rank 5"
2024-01-31,2024-01-30,2,EXIT,NMDC,317.00,65.8785,20883.47,2024-01-01,63.0103,63.0103,0.0000,0.00,909.21,909.21,81878.97,"Rank 23 of 155, below exit rank 5"
2024-01-31,2024-01-30,2,TRIM,PRESTIGE,1.00,1224.7693,1224.77,2024-01-01,1158.9913,1158.9913,1158.9913,16.00,65.78,,83103.74,"Re-sized to target allocation (rank 3 of 155, in top.n selection)"
2024-01-31,2024-01-30,2,ENTRY,HINDPETRO,74.00,273.9765,20274.26,2024-01-31,273.9765,0.0000,273.9765,74.00,,,62829.48,Entered: rank 5 of 155 (top.n=5)
2024-01-31,2024-01-30,2,ENTRY,RVNL,70.00,293.1174,20518.22,2024-01-31,293.1174,0.0000,293.1174,70.00,,,42311.26,"Entered: rank 8 of 155 (top.n=5, higher-ranked names skipped by sector cap)"
2024-01-31,2024-01-30,2,ENTRY,SUZLON,462.00,44.4000,20512.80,2024-01-31,44.4000,0.0000,44.4000,462.00,,,21798.46,"Entered: rank 6 of 155 (top.n=5, higher-ranked names skipped by sector cap)"
2024-01-31,2024-01-30,2,ENTRY,TATAINVEST,34.00,592.1145,20131.89,2024-01-31,592.1145,0.0000,592.1145,34.00,,,1666.57,Entered: rank 1 of 155 (top.n=5)
2024-02-28,2024-02-27,3,EXIT,PRESTIGE,16.00,1205.8829,19294.13,2024-01-01,1158.9913,1158.9913,0.0000,0.00,750.27,750.27,20960.69,"Rank 12 of 155, below exit rank 5"
2024-02-28,2024-02-27,3,EXIT,RVNL,70.00,264.2636,18498.45,2024-01-31,293.1174,293.1174,0.0000,0.00,-2019.77,-2019.77,39459.15,"Rank 19 of 155, below exit rank 5"
2024-02-28,2024-02-27,3,EXIT,SUZLON,462.00,44.6000,20605.20,2024-01-31,44.4000,44.4000,0.0000,0.00,92.40,92.40,60064.35,"Rank 22 of 155, below exit rank 5"
2024-02-28,2024-02-27,3,EXIT,TATAINVEST,34.00,706.9847,24037.48,2024-01-31,592.1145,592.1145,0.0000,0.00,3905.59,3905.59,84101.83,"Rank 3 of 155, within exit rank 5 but not reselected (sector cap or book capacity)"
2024-02-28,2024-02-27,3,TRIM,HINDPETRO,6.00,314.8135,1888.88,2024-01-31,273.9765,273.9765,273.9765,68.00,245.02,,85990.71,"Re-sized to target allocation (rank 4 of 155, in top.n selection)"
2024-02-28,2024-02-27,3,ENTRY,GVT&D,23.00,909.2410,20912.54,2024-02-28,909.2410,0.0000,909.2410,23.00,,,65078.17,Entered: rank 2 of 155 (top.n=5)
2024-02-28,2024-02-27,3,ENTRY,HUDCO,115.00,185.6041,21344.47,2024-02-28,185.6041,0.0000,185.6041,115.00,,,43733.69,Entered: rank 1 of 155 (top.n=5)
2024-02-28,2024-02-27,3,ENTRY,OFSS,3.00,7068.0669,21204.20,2024-02-28,7068.0669,0.0000,7068.0669,3.00,,,22529.49,"Entered: rank 6 of 155 (top.n=5, higher-ranked names skipped by sector cap)"
2024-02-28,2024-02-27,3,ENTRY,TRENT,5.00,3930.0692,19650.35,2024-02-28,3930.0692,0.0000,3930.0692,5.00,,,2879.15,Entered: rank 5 of 155 (top.n=5)
2024-04-01,2024-03-28,4,EXIT,HINDPETRO,68.00,282.8479,19233.65,2024-01-31,273.9765,273.9765,0.0000,0.00,603.25,603.25,22112.80,"Rank 19 of 155, below exit rank 5"
2024-04-01,2024-03-28,4,EXIT,TRENT,5.00,3964.9811,19824.91,2024-02-28,3930.0692,3930.0692,0.0000,0.00,174.56,174.56,41937.71,"Rank 17 of 155, below exit rank 5"
2024-04-01,2024-03-28,4,ADD,GVT&D,1.00,850.3156,850.32,2024-02-28,909.2410,909.2410,906.7857,24.00,,,41087.39,"Re-sized to target allocation (rank 2 of 155, in top.n selection)"
2024-04-01,2024-03-28,4,ADD,HUDCO,4.00,175.7501,703.00,2024-02-28,185.6041,185.6041,185.2729,119.00,,,40384.39,"Re-sized to target allocation (rank 1 of 155, in top.n selection)"
2024-04-01,2024-03-28,4,TRIM,OFSS,1.00,7912.5085,7912.51,2024-02-28,7068.0669,7068.0669,7068.0669,2.00,844.44,,48296.90,"Re-sized to target allocation (rank 3 of 155, in top.n selection)"
2024-04-01,2024-03-28,4,ENTRY,NHPC,244.00,86.1559,21022.04,2024-04-01,86.1559,0.0000,86.1559,244.00,,,27274.86,"Entered: rank 7 of 155 (top.n=5, higher-ranked names skipped by sector cap)"
2024-04-01,2024-03-28,4,ENTRY,OIL,55.00,381.9965,21009.81,2024-04-01,381.9965,0.0000,381.9965,55.00,,,6265.05,Entered: rank 5 of 155 (top.n=5)
2024-05-02,2024-04-30,5,EXIT,NHPC,244.00,92.6188,22598.98,2024-04-01,86.1559,86.1559,0.0000,0.00,1576.94,1576.94,28864.03,"Rank 20 of 158, below exit rank 5"
2024-05-02,2024-04-30,5,TRIM,GVT&D,5.00,1175.5240,5877.62,2024-02-28,909.2410,906.7857,906.7857,19.00,1343.69,,34741.65,"Re-sized to target allocation (rank 1 of 158, in top.n selection)"
2024-05-02,2024-04-30,5,TRIM,HUDCO,8.00,210.9842,1687.87,2024-02-28,185.6041,185.2729,185.2729,111.00,205.69,,36429.52,"Re-sized to target allocation (rank 3 of 158, in top.n selection)"
2024-05-02,2024-04-30,5,ADD,OFSS,1.00,6847.7954,6847.80,2024-02-28,7068.0669,7068.0669,6994.6431,3.00,,,29581.72,"Re-sized to target allocation (rank 7 of 158, in top.n selection)"
2024-05-02,2024-04-30,5,ADD,OIL,4.00,393.2744,1573.10,2024-04-01,381.9965,381.9965,382.7611,59.00,,,28008.63,"Re-sized to target allocation (rank 4 of 158, in top.n selection)"
2024-05-02,2024-04-30,5,ENTRY,INDUSTOWER,67.00,345.9793,23180.61,2024-05-02,345.9793,0.0000,345.9793,67.00,,,4828.02,"Entered: rank 6 of 158 (top.n=5, higher-ranked names skipped by sector cap)"
2024-05-31,2024-05-30,6,EXIT,GVT&D,19.00,1292.8776,24564.68,2024-02-28,909.2410,906.7857,0.0000,0.00,7335.75,7289.10,29392.69,"Rank 2 of 158, within exit rank 5 but not reselected (sector cap or book capacity)"
2024-05-31,2024-05-30,6,EXIT,INDUSTOWER,67.00,334.6073,22418.69,2024-05-02,345.9793,345.9793,0.0000,0.00,-761.92,-761.92,51811.38,"Rank 11 of 158, below exit rank 5"
2024-05-31,2024-05-30,6,EXIT,OFSS,3.00,6910.4103,20731.23,2024-02-28,7068.0669,6994.6431,0.0000,0.00,-252.70,-472.97,72542.61,"Rank 15 of 158, below exit rank 5"
2024-05-31,2024-05-30,6,TRIM,HUDCO,12.00,246.7324,2960.79,2024-02-28,185.6041,185.2729,185.2729,99.00,737.51,,75503.40,"Re-sized to target allocation (rank 3 of 158, in top.n selection)"
2024-05-31,2024-05-30,6,ADD,OIL,3.00,396.9916,1190.97,2024-04-01,381.9965,382.7611,383.4497,62.00,,,74312.42,"Re-sized to target allocation (rank 9 of 158, in top.n selection)"
2024-05-31,2024-05-30,6,ENTRY,COCHINSHIP,12.00,1952.3331,23428.00,2024-05-31,1952.3331,0.0000,1952.3331,12.00,,,50884.42,Entered: rank 1 of 158 (top.n=5)
2024-05-31,2024-05-30,6,ENTRY,GODFRYPHLP,20.00,1224.3792,24487.58,2024-05-31,1224.3792,0.0000,1224.3792,20.00,,,26396.84,Entered: rank 5 of 158 (top.n=5)
2024-05-31,2024-05-30,6,ENTRY,RVNL,64.00,379.6297,24296.30,2024-05-31,379.6297,0.0000,379.6297,64.00,,,2100.54,"Entered: rank 7 of 158 (top.n=5, higher-ranked names skipped by sector cap)"
2024-07-01,2024-06-28,7,EXIT,GODFRYPHLP,20.00,1338.7477,26774.95,2024-05-31,1224.3792,1224.3792,0.0000,0.00,2287.37,2287.37,28875.49,"Rank 12 of 158, below exit rank 5"
2024-07-01,2024-06-28,7,EXIT,HUDCO,99.00,262.9476,26031.81,2024-02-28,185.6041,185.2729,0.0000,0.00,7689.80,7657.00,54907.30,"Rank 22 of 158, below exit rank 5"
2024-07-01,2024-06-28,7,EXIT,OIL,62.00,462.1068,28650.62,2024-04-01,381.9965,383.4497,0.0000,0.00,4876.74,4966.84,83557.93,"Rank 19 of 158, below exit rank 5"
2024-07-01,2024-06-28,7,EXIT,RVNL,64.00,410.6500,26281.60,2024-05-31,379.6297,379.6297,0.0000,0.00,1985.30,1985.30,109839.53,"Rank 11 of 158, below exit rank 5"
2024-07-01,2024-06-28,7,ENTRY,DIXON,2.00,12079.9997,24160.00,2024-07-01,12079.9997,0.0000,12079.9997,2.00,,,85679.53,Entered: rank 4 of 158 (top.n=5)
2024-07-01,2024-06-28,7,ENTRY,INDUSTOWER,75.00,363.3264,27249.48,2024-07-01,363.3264,0.0000,363.3264,75.00,,,58430.05,"Entered: rank 6 of 158 (top.n=5, higher-ranked names skipped by sector cap)"
2024-07-01,2024-06-28,7,ENTRY,M&M,9.00,2768.7947,24919.15,2024-07-01,2768.7947,0.0000,2768.7947,9.00,,,33510.89,"Entered: rank 7 of 158 (top.n=5, higher-ranked names skipped by sector cap)"
2024-07-01,2024-06-28,7,ENTRY,PRESTIGE,14.00,1886.5872,26412.22,2024-07-01,1886.5872,0.0000,1886.5872,14.00,,,7098.67,"Entered: rank 8 of 158 (top.n=5, higher-ranked names skipped by sector cap)"
2024-07-30,2024-07-29,8,EXIT,DIXON,2.00,11670.6433,23341.29,2024-07-01,12079.9997,12079.9997,0.0000,0.00,-818.71,-818.71,30439.96,"Rank 11 of 158, below exit rank 5"
2024-07-30,2024-07-29,8,EXIT,M&M,9.00,2891.1666,26020.50,2024-07-01,2768.7947,2768.7947,0.0000,0.00,1101.35,1101.35,56460.46,"Rank 17 of 158, below exit rank 5"
2024-07-30,2024-07-29,8,EXIT,PRESTIGE,14.00,1873.6807,26231.53,2024-07-01,1886.5872,1886.5872,0.0000,0.00,-180.69,-180.69,82691.99,"Rank 10 of 158, below exit rank 5"
2024-07-30,2024-07-29,8,TRIM,COCHINSHIP,1.00,2550.8515,2550.85,2024-05-31,1952.3331,1952.3331,1952.3331,11.00,598.52,,85242.84,"Re-sized to target allocation (rank 1 of 158, in top.n selection)"
2024-07-30,2024-07-29,8,TRIM,INDUSTOWER,8.00,428.3782,3427.03,2024-07-01,363.3264,363.3264,363.3264,67.00,520.41,,88669.87,"Re-sized to target allocation (rank 6 of 158, in top.n selection)"
2024-07-30,2024-07-29,8,ENTRY,EXIDEIND,52.00,548.9778,28546.85,2024-07-30,548.9778,0.0000,548.9778,52.00,,,60123.02,Entered: rank 4 of 158 (top.n=5)
2024-07-30,2024-07-29,8,ENTRY,IREDA,110.00,262.7964,28907.61,2024-07-30,262.7964,0.0000,262.7964,110.00,,,31215.41,Entered: rank 3 of 158 (top.n=5)
2024-07-30,2024-07-29,8,ENTRY,RVNL,48.00,605.3395,29056.29,2024-07-30,605.3395,0.0000,605.3395,48.00,,,2159.12,Entered: rank 2 of 158 (top.n=5)
2024-08-28,2024-08-27,9,EXIT,COCHINSHIP,11.00,2030.9192,22340.11,2024-05-31,1952.3331,1952.3331,0.0000,0.00,864.45,864.45,24499.23,"Rank 4 of 159, within exit rank 5 but not reselected (sector cap or book capacity)"
2024-08-28,2024-08-27,9,EXIT,EXIDEIND,52.00,494.3770,25707.61,2024-07-30,548.9778,548.9778,0.0000,0.00,-2839.24,-2839.24,50206.84,"Rank 115 of 159, below exit rank 5"
2024-08-28,2024-08-27,9,EXIT,INDUSTOWER,67.00,425.9689,28539.92,2024-07-01,363.3264,363.3264,0.0000,0.00,4197.05,4197.05,78746.75,"Rank 40 of 159, below exit rank 5"
2024-08-28,2024-08-27,9,EXIT,IREDA,110.00,253.0632,27836.96,2024-07-30,262.7964,262.7964,0.0000,0.00,-1070.65,-1070.65,106583.71,"Rank 11 of 159, below exit rank 5"
2024-08-28,2024-08-27,9,TRIM,RVNL,2.00,570.9709,1141.94,2024-07-30,605.3395,605.3395,605.3395,46.00,-68.74,,107725.65,"Re-sized to target allocation (rank 1 of 159, in top.n selection)"
2024-08-28,2024-08-27,9,ENTRY,DIXON,2.00,13250.4075,26500.82,2024-08-28,13250.4075,0.0000,13250.4075,2.00,,,81224.84,"Entered: rank 6 of 159 (top.n=5, higher-ranked names skipped by sector cap)"
2024-08-28,2024-08-27,9,ENTRY,GODFRYPHLP,14.00,1857.1903,26000.66,2024-08-28,1857.1903,0.0000,1857.1903,14.00,,,55224.17,Entered: rank 2 of 159 (top.n=5)
2024-08-28,2024-08-27,9,ENTRY,OIL,39.00,682.3391,26611.23,2024-08-28,682.3391,0.0000,682.3391,39.00,,,28612.95,"Entered: rank 7 of 159 (top.n=5, higher-ranked names skipped by sector cap)"
2024-08-28,2024-08-27,9,ENTRY,SUZLON,343.00,77.9500,26736.85,2024-08-28,77.9500,0.0000,77.9500,343.00,,,1876.10,Entered: rank 3 of 159 (top.n=5)
2024-09-25,2024-09-24,10,EXIT,DIXON,2.00,14357.5573,28715.11,2024-08-28,13250.4075,13250.4075,0.0000,0.00,2214.30,2214.30,30591.21,"Rank 6 of 159, below exit rank 5"
2024-09-25,2024-09-24,10,EXIT,OIL,39.00,564.1902,22003.42,2024-08-28,682.3391,682.3391,0.0000,0.00,-4607.81,-4607.81,52594.63,"Rank 20 of 159, below exit rank 5"
2024-09-25,2024-09-24,10,TRIM,GODFRYPHLP,3.00,2354.5462,7063.64,2024-08-28,1857.1903,1857.1903,1857.1903,11.00,1492.07,,59658.27,"Re-sized to target allocation (rank 1 of 159, in top.n selection)"
2024-09-25,2024-09-24,10,ADD,RVNL,7.00,515.0631,3605.44,2024-07-30,605.3395,605.3395,593.4162,53.00,,,56052.83,"Re-sized to target allocation (rank 4 of 159, in top.n selection)"
2024-09-25,2024-09-24,10,TRIM,SUZLON,14.00,83.7000,1171.80,2024-08-28,77.9500,77.9500,77.9500,329.00,80.50,,57224.63,"Re-sized to target allocation (rank 3 of 159, in top.n selection)"
2024-09-25,2024-09-24,10,ENTRY,KALYANKJIL,35.00,770.2937,26960.28,2024-09-25,770.2937,0.0000,770.2937,35.00,,,30264.35,Entered: rank 5 of 159 (top.n=5)
2024-09-25,2024-09-24,10,ENTRY,PAYTM,40.00,680.9500,27238.00,2024-09-25,680.9500,0.0000,680.9500,40.00,,,3026.35,Entered: rank 2 of 159 (top.n=5)
2024-10-24,2024-10-23,11,EXIT,RVNL,53.00,439.3360,23284.81,2024-07-30,605.3395,593.4162,0.0000,0.00,-8166.25,-8798.18,26311.16,"Rank 43 of 160, below exit rank 5"
2024-10-24,2024-10-23,11,EXIT,SUZLON,329.00,69.0800,22727.32,2024-08-28,77.9500,77.9500,0.0000,0.00,-2918.23,-2918.23,49038.48,"Rank 11 of 160, below exit rank 5"
2024-10-24,2024-10-23,11,ADD,KALYANKJIL,1.00,690.0569,690.06,2024-09-25,770.2937,770.2937,768.0649,36.00,,,48348.42,"Re-sized to target allocation (rank 2 of 160, in top.n selection)"
2024-10-24,2024-10-23,11,TRIM,PAYTM,7.00,750.0000,5250.00,2024-09-25,680.9500,680.9500,680.9500,33.00,483.35,,53598.42,"Re-sized to target allocation (rank 1 of 160, in top.n selection)"
2024-10-24,2024-10-23,11,ENTRY,PERSISTENT,4.00,5619.6442,22478.58,2024-10-24,5619.6442,0.0000,5619.6442,4.00,,,31119.84,"Entered: rank 6 of 160 (top.n=5, higher-ranked names skipped by sector cap)"
2024-10-24,2024-10-23,11,ENTRY,TRENT,3.00,7553.6703,22661.01,2024-10-24,7553.6703,0.0000,7553.6703,3.00,,,8458.83,"Entered: rank 9 of 160 (top.n=5, higher-ranked names skipped by sector cap)"
2024-11-25,2024-11-22,12,EXIT,GODFRYPHLP,11.00,1863.6501,20500.15,2024-08-28,1857.1903,1857.1903,0.0000,0.00,71.06,71.06,28958.98,"Rank 13 of 161, below exit rank 5"
2024-11-25,2024-11-22,12,EXIT,PAYTM,33.00,913.8000,30155.40,2024-09-25,680.9500,680.9500,0.0000,0.00,7684.05,7684.05,59114.38,"Rank 2 of 161, within exit rank 5 but not reselected (sector cap or book capacity)"
2024-11-25,2024-11-22,12,EXIT,PERSISTENT,4.00,5798.8406,23195.36,2024-10-24,5619.6442,5619.6442,0.0000,0.00,716.79,716.79,82309.74,"Rank 12 of 161, below exit rank 5"
2024-11-25,2024-11-22,12,EXIT,TRENT,3.00,6785.0503,20355.15,2024-10-24,7553.6703,7553.6703,0.0000,0.00,-2305.86,-2305.86,102664.90,"Rank 19 of 161, below exit rank 5"
2024-11-25,2024-11-22,12,TRIM,KALYANKJIL,1.00,717.8120,717.81,2024-09-25,770.2937,768.0649,768.0649,35.00,-50.25,,103382.71,"Re-sized to target allocation (rank 7 of 161, in top.n selection)"
2024-11-25,2024-11-22,12,ENTRY,BSE,16.00,1604.0350,25664.56,2024-11-25,1604.0350,0.0000,1604.0350,16.00,,,77718.15,Entered: rank 1 of 161 (top.n=5)
2024-11-25,2024-11-22,12,ENTRY,COFORGE,15.00,1650.2032,24753.05,2024-11-25,1650.2032,0.0000,1650.2032,15.00,,,52965.10,Entered: rank 5 of 161 (top.n=5)
2024-11-25,2024-11-22,12,ENTRY,FORTIS,36.00,697.1351,25096.86,2024-11-25,697.1351,0.0000,697.1351,36.00,,,27868.23,"Entered: rank 6 of 161 (top.n=5, higher-ranked names skipped by sector cap)"
2024-11-25,2024-11-22,12,ENTRY,RADICO,11.00,2271.6581,24988.24,2024-11-25,2271.6581,0.0000,2271.6581,11.00,,,2880.00,"Entered: rank 8 of 161 (top.n=5, higher-ranked names skipped by sector cap)"
2024-12-23,2024-12-20,13,EXIT,FORTIS,36.00,678.4770,24425.17,2024-11-25,697.1351,697.1351,0.0000,0.00,-671.69,-671.69,27305.17,"Rank 12 of 162, below exit rank 5"
2024-12-23,2024-12-20,13,EXIT,KALYANKJIL,35.00,722.6282,25291.99,2024-09-25,770.2937,768.0649,0.0000,0.00,-1590.29,-1668.29,52597.16,"Rank 16 of 162, below exit rank 5"
2024-12-23,2024-12-20,13,TRIM,BSE,2.00,1855.9082,3711.82,2024-11-25,1604.0350,1604.0350,1604.0350,14.00,503.75,,56308.97,"Re-sized to target allocation (rank 1 of 162, in top.n selection)"
2024-12-23,2024-12-20,13,TRIM,COFORGE,1.00,1863.9336,1863.93,2024-11-25,1650.2032,1650.2032,1650.2032,14.00,213.73,,58172.91,"Re-sized to target allocation (rank 3 of 162, in top.n selection)"
2024-12-23,2024-12-20,13,ENTRY,DIXON,1.00,18036.0879,18036.09,2024-12-23,18036.0879,0.0000,18036.0879,1.00,,,40136.82,"Entered: rank 6 of 162 (top.n=5, higher-ranked names skipped by sector cap)"
2024-12-23,2024-12-20,13,ENTRY,MAXHEALTH,23.00,1170.2673,26916.15,2024-12-23,1170.2673,0.0000,1170.2673,23.00,,,13220.67,"Entered: rank 10 of 162 (top.n=5, higher-ranked names skipped by sector cap)"
2025-01-21,2025-01-20,14,EXIT,RADICO,11.00,2345.9850,25805.83,2024-11-25,2271.6581,2271.6581,0.0000,0.00,817.60,817.60,39026.50,"Rank 8 of 166, below exit rank 5"
2025-01-21,2025-01-20,14,TRIM,BSE,1.00,1988.7880,1988.79,2024-11-25,1604.0350,1604.0350,1604.0350,13.00,384.75,,41015.29,"Re-sized to target allocation (rank 1 of 166, in top.n selection)"
2025-01-21,2025-01-20,14,ADD,COFORGE,1.00,1711.9327,1711.93,2024-11-25,1650.2032,1650.2032,1654.3185,15.00,,,39303.36,"Re-sized to target allocation (rank 4 of 166, in top.n selection)"
2025-01-21,2025-01-20,14,ADD,MAXHEALTH,1.00,1064.8765,1064.88,2024-12-23,1170.2673,1170.2673,1165.8760,24.00,,,38238.48,"Re-sized to target allocation (rank 6 of 166, in top.n selection)"
2025-01-21,2025-01-20,14,ENTRY,NATIONALUM,134.00,197.1629,26419.83,2025-01-21,197.1629,0.0000,197.1629,134.00,,,11818.65,Entered: rank 5 of 166 (top.n=5)
2025-02-17,2025-02-14,15,EXIT,COFORGE,15.00,1528.6550,22929.82,2024-11-25,1650.2032,1654.3185,0.0000,0.00,-1884.95,-1823.22,34748.48,"Rank 8 of 166, below exit rank 5"
2025-02-17,2025-02-14,15,EXIT,DIXON,1.00,13846.3778,13846.38,2024-12-23,18036.0879,18036.0879,0.0000,0.00,-4189.71,-4189.71,48594.85,"Rank 43 of 166, below exit rank 5"
2025-02-17,2025-02-14,15,EXIT,MAXHEALTH,24.00,983.9140,23613.94,2024-12-23,1170.2673,1165.8760,0.0000,0.00,-4367.09,-4472.48,72208.79,"Rank 12 of 166, below exit rank 5"
2025-02-17,2025-02-14,15,EXIT,NATIONALUM,134.00,172.5292,23118.91,2025-01-21,197.1629,197.1629,0.0000,0.00,-3300.92,-3300.92,95327.70,"Rank 68 of 166, below exit rank 5"
2025-02-17,2025-02-14,15,ENTRY,JUBLFOOD,35.00,662.0596,23172.09,2025-02-17,662.0596,0.0000,662.0596,35.00,,,72155.62,"Entered: rank 9 of 166 (top.n=5, higher-ranked names skipped by sector cap)"
2025-02-17,2025-02-14,15,ENTRY,LAURUSLABS,43.00,542.2705,23317.63,2025-02-17,542.2705,0.0000,542.2705,43.00,,,48837.99,Entered: rank 4 of 166 (top.n=5)
2025-02-17,2025-02-14,15,ENTRY,SRF,8.00,2736.1422,21889.14,2025-02-17,2736.1422,0.0000,2736.1422,8.00,,,26948.85,Entered: rank 3 of 166 (top.n=5)
2025-02-17,2025-02-14,15,ENTRY,WIPRO,80.00,291.2261,23298.09,2025-02-17,291.2261,0.0000,291.2261,80.00,,,3650.76,Entered: rank 2 of 166 (top.n=5)
2025-03-19,2025-03-18,16,EXIT,BSE,13.00,1380.0005,17940.01,2024-11-25,1604.0350,1604.0350,0.0000,0.00,-2912.45,-2912.45,21590.77,"Rank 125 of 167, below exit rank 5"
2025-03-19,2025-03-18,16,EXIT,JUBLFOOD,35.00,625.0297,21876.04,2025-02-17,662.0596,662.0596,0.0000,0.00,-1296.05,-1296.05,43466.81,"Rank 13 of 167, below exit rank 5"
2025-03-19,2025-03-18,16,EXIT,WIPRO,80.00,247.6509,19812.07,2025-02-17,291.2261,291.2261,0.0000,0.00,-3486.02,-3486.02,63278.87,"Rank 40 of 167, below exit rank 5"
2025-03-19,2025-03-18,16,TRIM,LAURUSLABS,5.00,589.1211,2945.61,2025-02-17,542.2705,542.2705,542.2705,38.00,234.25,,66224.48,"Re-sized to target allocation (rank 5 of 167, in top.n selection)"
2025-03-19,2025-03-18,16,TRIM,SRF,1.00,2989.8575,2989.86,2025-02-17,2736.1422,2736.1422,2736.1422,7.00,253.72,,69214.34,"Re-sized to target allocation (rank 1 of 167, in top.n selection)"
2025-03-19,2025-03-18,16,ENTRY,BAJFINANCE,26.00,859.3818,22343.93,2025-03-19,859.3818,0.0000,859.3818,26.00,,,46870.41,Entered: rank 2 of 167 (top.n=5)
2025-03-19,2025-03-18,16,ENTRY,BLUESTARCO,10.00,2136.0633,21360.63,2025-03-19,2136.0633,0.0000,2136.0633,10.00,,,25509.78,"Entered: rank 7 of 167 (top.n=5, higher-ranked names skipped by sector cap)"
2025-03-19,2025-03-18,16,ENTRY,INDIGO,4.00,4802.8837,19211.53,2025-03-19,4802.8837,0.0000,4802.8837,4.00,,,6298.24,Entered: rank 4 of 167 (top.n=5)
2025-04-22,2025-04-21,17,EXIT,BLUESTARCO,10.00,2021.3295,20213.30,2025-03-19,2136.0633,2136.0633,0.0000,0.00,-1147.34,-1147.34,26511.54,"Rank 74 of 168, below exit rank 5"
2025-04-22,2025-04-21,17,EXIT,LAURUSLABS,38.00,641.0056,24358.21,2025-02-17,542.2705,542.2705,0.0000,0.00,3751.93,3751.93,50869.75,"Rank 20 of 168, below exit rank 5"
2025-04-22,2025-04-21,17,TRIM,BAJFINANCE,1.00,918.1556,918.16,2025-03-19,859.3818,859.3818,859.3818,25.00,58.77,,51787.91,"Re-sized to target allocation (rank 1 of 168, in top.n selection)"
2025-04-22,2025-04-21,17,ENTRY,EICHERMOT,4.00,5677.1653,22708.66,2025-04-22,5677.1653,0.0000,5677.1653,4.00,,,29079.25,"Entered: rank 11 of 168 (top.n=5, higher-ranked names skipped by sector cap)"
2025-04-22,2025-04-21,17,ENTRY,GODFRYPHLP,9.00,2464.5594,22181.03,2025-04-22,2464.5594,0.0000,2464.5594,9.00,,,6898.21,Entered: rank 2 of 168 (top.n=5)
2025-05-21,2025-05-20,18,EXIT,BAJFINANCE,25.00,900.1165,22502.91,2025-03-19,859.3818,859.3818,0.0000,0.00,1018.37,1018.37,29401.12,"Rank 9 of 170, below exit rank 5"
2025-05-21,2025-05-20,18,EXIT,EICHERMOT,4.00,5285.4008,21141.60,2025-04-22,5677.1653,5677.1653,0.0000,0.00,-1567.06,-1567.06,50542.73,"Rank 68 of 170, below exit rank 5"
2025-05-21,2025-05-20,18,TRIM,GODFRYPHLP,1.00,2822.9523,2822.95,2025-04-22,2464.5594,2464.5594,2464.5594,8.00,358.39,,53365.68,"Re-sized to target allocation (rank 1 of 170, in top.n selection)"
2025-05-21,2025-05-20,18,ADD,SRF,1.00,2930.1597,2930.16,2025-02-17,2736.1422,2736.1422,2760.3944,8.00,,,50435.52,"Re-sized to target allocation (rank 4 of 170, in top.n selection)"
2025-05-21,2025-05-20,18,ENTRY,BDL,13.00,1781.3376,23157.39,2025-05-21,1781.3376,0.0000,1781.3376,13.00,,,27278.13,Entered: rank 2 of 170 (top.n=5)
2025-05-21,2025-05-20,18,ENTRY,BSE,9.00,2460.1853,22141.67,2025-05-21,2460.1853,0.0000,2460.1853,9.00,,,5136.46,Entered: rank 3 of 170 (top.n=5)
2025-06-18,2025-06-17,19,EXIT,INDIGO,4.00,5299.0450,21196.18,2025-03-19,4802.8837,4802.8837,0.0000,0.00,1984.65,1984.65,26332.64,"Rank 29 of 171, below exit rank 5"
2025-06-18,2025-06-17,19,EXIT,SRF,8.00,3080.7966,24646.37,2025-02-17,2736.1422,2760.3944,0.0000,0.00,2563.22,2757.23,50979.01,"Rank 97 of 171, below exit rank 5"
2025-06-18,2025-06-17,19,TRIM,BDL,1.00,1898.8323,1898.83,2025-05-21,1781.3376,1781.3376,1781.3376,12.00,117.49,,52877.85,"Re-sized to target allocation (rank 2 of 171, in top.n selection)"
2025-06-18,2025-06-17,19,ENTRY,ADANIPORTS,17.00,1381.1791,23480.04,2025-06-18,1381.1791,0.0000,1381.1791,17.00,,,29397.80,"Entered: rank 14 of 171 (top.n=5, higher-ranked names skipped by sector cap)"
2025-06-18,2025-06-17,19,ENTRY,MODEFENCE,241.00,98.9000,23834.90,2025-06-18,98.9000,0.0000,98.9000,241.00,,,5562.90,Entered: rank 5 of 171 (top.n=5)
2025-07-16,2025-07-15,20,EXIT,ADANIPORTS,17.00,1441.4252,24504.23,2025-06-18,1381.1791,1381.1791,0.0000,0.00,1024.18,1024.18,30067.13,"Rank 26 of 172, below exit rank 5"
2025-07-16,2025-07-15,20,EXIT,BSE,9.00,2543.2995,22889.70,2025-05-21,2460.1853,2460.1853,0.0000,0.00,748.03,748.03,52956.83,"Rank 5 of 172, within exit rank 5 but not reselected (sector cap or book capacity)"
2025-07-16,2025-07-15,20,ADD,BDL,1.00,1816.1879,1816.19,2025-05-21,1781.3376,1781.3376,1784.0184,13.00,,,51140.64,"Re-sized to target allocation (rank 4 of 172, in top.n selection)"
2025-07-16,2025-07-15,20,TRIM,GODFRYPHLP,1.00,3056.4110,3056.41,2025-04-22,2464.5594,2464.5594,2464.5594,7.00,591.85,,54197.05,"Re-sized to target allocation (rank 1 of 172, in top.n selection)"
2025-07-16,2025-07-15,20,ADD,MODEFENCE,19.00,93.2900,1772.51,2025-06-18,98.9000,98.9000,98.4900,260.00,,,52424.54,"Re-sized to target allocation (rank 9 of 172, in top.n selection)"
2025-07-16,2025-07-15,20,ENTRY,GLENMARK,11.00,2212.3667,24336.03,2025-07-16,2212.3667,0.0000,2212.3667,11.00,,,28088.51,"Entered: rank 7 of 172 (top.n=5, higher-ranked names skipped by sector cap)"
2025-07-16,2025-07-15,20,ENTRY,MCX,14.00,1654.2135,23158.99,2025-07-16,1654.2135,0.0000,1654.2135,14.00,,,4929.52,Entered: rank 2 of 172 (top.n=5)
2025-08-13,2025-08-12,21,EXIT,BDL,13.00,1513.7885,19679.25,2025-05-21,1781.3376,1784.0184,0.0000,0.00,-3512.99,-3478.14,24608.77,"Rank 57 of 172, below exit rank 5"
2025-08-13,2025-08-12,21,EXIT,GLENMARK,11.00,2059.8927,22658.82,2025-07-16,2212.3667,2212.3667,0.0000,0.00,-1677.21,-1677.21,47267.59,"Rank 16 of 172, below exit rank 5"
2025-08-13,2025-08-12,21,EXIT,GODFRYPHLP,7.00,3160.5497,22123.85,2025-04-22,2464.5594,2464.5594,0.0000,0.00,4871.93,4871.93,69391.43,"Rank 12 of 172, below exit rank 5"
2025-08-13,2025-08-12,21,EXIT,MODEFENCE,260.00,84.3400,21928.40,2025-06-18,98.9000,98.4900,0.0000,0.00,-3679.01,-3785.60,91319.83,"Rank 31 of 172, below exit rank 5"
2025-08-13,2025-08-12,21,TRIM,MCX,1.00,1640.6799,1640.68,2025-07-16,1654.2135,1654.2135,1654.2135,13.00,-13.53,,92960.51,"Re-sized to target allocation (rank 3 of 172, in top.n selection)"
2025-08-13,2025-08-12,21,ENTRY,ETERNAL,74.00,305.9000,22636.60,2025-08-13,305.9000,0.0000,305.9000,74.00,,,70323.91,Entered: rank 5 of 172 (top.n=5)
2025-08-13,2025-08-12,21,ENTRY,FORTIS,24.00,932.0113,22368.27,2025-08-13,932.0113,0.0000,932.0113,24.00,,,47955.64,"Entered: rank 7 of 172 (top.n=5, higher-ranked names skipped by sector cap)"
2025-08-13,2025-08-12,21,ENTRY,GVT&D,8.00,2812.8714,22502.97,2025-08-13,2812.8714,0.0000,2812.8714,8.00,,,25452.67,Entered: rank 1 of 172 (top.n=5)
2025-08-13,2025-08-12,21,ENTRY,PRESTIGE,14.00,1626.1788,22766.50,2025-08-13,1626.1788,0.0000,1626.1788,14.00,,,2686.17,"Entered: rank 11 of 172 (top.n=5, higher-ranked names skipped by sector cap)"
2025-09-12,2025-09-11,22,EXIT,FORTIS,24.00,967.9732,23231.36,2025-08-13,932.0113,932.0113,0.0000,0.00,863.08,863.08,25917.53,"Rank 6 of 172, below exit rank 5"
2025-09-12,2025-09-11,22,EXIT,MCX,13.00,1506.4089,19583.32,2025-07-16,1654.2135,1654.2135,0.0000,0.00,-1921.46,-1921.46,45500.84,"Rank 18 of 172, below exit rank 5"
2025-09-12,2025-09-11,22,EXIT,PRESTIGE,14.00,1558.0386,21812.54,2025-08-13,1626.1788,1626.1788,0.0000,0.00,-953.96,-953.96,67313.38,"Rank 38 of 172, below exit rank 5"
2025-09-12,2025-09-11,22,TRIM,ETERNAL,5.00,327.1000,1635.50,2025-08-13,305.9000,305.9000,305.9000,69.00,106.00,,68948.88,"Re-sized to target allocation (rank 10 of 172, in top.n selection)"
2025-09-12,2025-09-11,22,ENTRY,ABCAPITAL,78.00,290.9500,22694.10,2025-09-12,290.9500,0.0000,290.9500,78.00,,,46254.78,Entered: rank 4 of 172 (top.n=5)
2025-09-12,2025-09-11,22,ENTRY,GLENMARK,10.00,2120.6830,21206.83,2025-09-12,2120.6830,0.0000,2120.6830,10.00,,,25047.95,Entered: rank 2 of 172 (top.n=5)
2025-09-12,2025-09-11,22,ENTRY,HEROMOTOCO,4.00,5129.1097,20516.44,2025-09-12,5129.1097,0.0000,5129.1097,4.00,,,4531.51,"Entered: rank 9 of 172 (top.n=5, higher-ranked names skipped by sector cap)"
2025-10-13,2025-10-10,23,EXIT,ABCAPITAL,78.00,292.0000,22776.00,2025-09-12,290.9500,290.9500,0.0000,0.00,81.90,81.90,27307.51,"Rank 13 of 172, below exit rank 5"
2025-10-13,2025-10-10,23,EXIT,GLENMARK,10.00,1933.0766,19330.77,2025-09-12,2120.6830,2120.6830,0.0000,0.00,-1876.06,-1876.06,46638.28,"Rank 14 of 172, below exit rank 5"
2025-10-13,2025-10-10,23,EXIT,GVT&D,8.00,3019.9251,24159.40,2025-08-13,2812.8714,2812.8714,0.0000,0.00,1656.43,1656.43,70797.68,"Rank 15 of 172, below exit rank 5"
2025-10-13,2025-10-10,23,EXIT,HEROMOTOCO,4.00,5316.6427,21266.57,2025-09-12,5129.1097,5129.1097,0.0000,0.00,750.13,750.13,92064.25,"Rank 8 of 172, below exit rank 5"
2025-10-13,2025-10-10,23,TRIM,ETERNAL,3.00,347.5000,1042.50,2025-08-13,305.9000,305.9000,305.9000,66.00,124.80,,93106.75,"Re-sized to target allocation (rank 3 of 172, in top.n selection)"
2025-10-13,2025-10-10,23,ENTRY,FORTIS,21.00,1060.8746,22278.37,2025-10-13,1060.8746,0.0000,1060.8746,21.00,,,70828.38,Entered: rank 2 of 172 (top.n=5)
2025-10-13,2025-10-10,23,ENTRY,LTF,91.00,252.6488,22991.04,2025-10-13,252.6488,0.0000,252.6488,91.00,,,47837.34,Entered: rank 1 of 172 (top.n=5)
2025-10-13,2025-10-10,23,ENTRY,MARUTI,1.00,16102.2839,16102.28,2025-10-13,16102.2839,0.0000,16102.2839,1.00,,,31735.06,"Entered: rank 7 of 172 (top.n=5, higher-ranked names skipped by sector cap)"
2025-10-13,2025-10-10,23,ENTRY,POLYCAB,3.00,7663.6376,22990.91,2025-10-13,7663.6376,0.0000,7663.6376,3.00,,,8744.15,"Entered: rank 10 of 172 (top.n=5, higher-ranked names skipped by sector cap)"
2025-11-12,2025-11-11,24,EXIT,ETERNAL,66.00,308.0000,20328.00,2025-08-13,305.9000,305.9000,0.0000,0.00,138.60,138.60,29072.15,"Rank 19 of 172, below exit rank 5"
2025-11-12,2025-11-11,24,EXIT,FORTIS,21.00,1003.0359,21063.75,2025-10-13,1060.8746,1060.8746,0.0000,0.00,-1214.61,-1214.61,50135.90,"Rank 11 of 172, below exit rank 5"
2025-11-12,2025-11-11,24,EXIT,LTF,91.00,293.4784,26706.54,2025-10-13,252.6488,252.6488,0.0000,0.00,3715.50,3715.50,76842.44,"Rank 2 of 172, within exit rank 5 but not reselected (sector cap or book capacity)"
2025-11-12,2025-11-11,24,EXIT,MARUTI,1.00,15518.1504,15518.15,2025-10-13,16102.2839,16102.2839,0.0000,0.00,-584.13,-584.13,92360.59,"Rank 10 of 172, below exit rank 5"
2025-11-12,2025-11-11,24,EXIT,POLYCAB,3.00,7651.6942,22955.08,2025-10-13,7663.6376,7663.6376,0.0000,0.00,-35.83,-35.83,115315.67,"Rank 30 of 172, below exit rank 5"
2025-11-12,2025-11-11,24,ENTRY,GVT&D,7.00,3114.2917,21800.04,2025-11-12,3114.2917,0.0000,3114.2917,7.00,,,93515.63,"Entered: rank 6 of 172 (top.n=5, higher-ranked names skipped by sector cap)"
2025-11-12,2025-11-11,24,ENTRY,IDEA,2265.00,10.1800,23057.70,2025-11-12,10.1800,0.0000,10.1800,2265.00,,,70457.93,Entered: rank 4 of 172 (top.n=5)
2025-11-12,2025-11-11,24,ENTRY,LAURUSLABS,23.00,993.0113,22839.26,2025-11-12,993.0113,0.0000,993.0113,23.00,,,47618.67,"Entered: rank 7 of 172 (top.n=5, higher-ranked names skipped by sector cap)"
2025-11-12,2025-11-11,24,ENTRY,NATIONALUM,89.00,256.3805,22817.87,2025-11-12,256.3805,0.0000,256.3805,89.00,,,24800.80,Entered: rank 3 of 172 (top.n=5)
2025-11-12,2025-11-11,24,ENTRY,PAYTM,17.00,1332.6000,22654.20,2025-11-12,1332.6000,0.0000,1332.6000,17.00,,,2146.60,Entered: rank 1 of 172 (top.n=5)
2025-12-10,2025-12-09,25,EXIT,GVT&D,7.00,2905.3089,20337.16,2025-11-12,3114.2917,3114.2917,0.0000,0.00,-1462.88,-1462.88,22483.76,"Rank 35 of 172, below exit rank 5"
2025-12-10,2025-12-09,25,EXIT,LAURUSLABS,23.00,1022.9815,23528.57,2025-11-12,993.0113,993.0113,0.0000,0.00,689.31,689.31,46012.34,"Rank 27 of 172, below exit rank 5"
2025-12-10,2025-12-09,25,EXIT,PAYTM,17.00,1316.7000,22383.90,2025-11-12,1332.6000,1332.6000,0.0000,0.00,-270.30,-270.30,68396.24,"Rank 16 of 172, below exit rank 5"
2025-12-10,2025-12-09,25,TRIM,IDEA,105.00,10.7200,1125.60,2025-11-12,10.1800,10.1800,10.1800,2160.00,56.70,,69521.84,"Re-sized to target allocation (rank 1 of 172, in top.n selection)"
2025-12-10,2025-12-09,25,ENTRY,ASHOKLEY,147.00,157.3163,23125.50,2025-12-10,157.3163,0.0000,157.3163,147.00,,,46396.33,"Entered: rank 9 of 172 (top.n=5, higher-ranked names skipped by sector cap)"
2025-12-10,2025-12-09,25,ENTRY,HEROMOTOCO,3.00,5827.0402,17481.12,2025-12-10,5827.0402,0.0000,5827.0402,3.00,,,28915.21,Entered: rank 5 of 172 (top.n=5)
2025-12-10,2025-12-09,25,ENTRY,LTF,76.00,304.3168,23128.08,2025-12-10,304.3168,0.0000,304.3168,76.00,,,5787.13,Entered: rank 2 of 172 (top.n=5)
2026-01-08,2026-01-07,26,EXIT,HEROMOTOCO,3.00,5781.6074,17344.82,2025-12-10,5827.0402,5827.0402,0.0000,0.00,-136.30,-136.30,23131.96,"Rank 40 of 172, below exit rank 5"
2026-01-08,2026-01-07,26,EXIT,LTF,76.00,309.6123,23530.53,2025-12-10,304.3168,304.3168,0.0000,0.00,402.45,402.45,46662.49,"Rank 7 of 172, below exit rank 5"
2026-01-08,2026-01-07,26,TRIM,ASHOKLEY,7.00,182.8803,1280.16,2025-12-10,157.3163,157.3163,157.3163,140.00,178.95,,47942.65,"Re-sized to target allocation (rank 5 of 172, in top.n selection)"
2026-01-08,2026-01-07,26,ADD,IDEA,83.00,11.4700,952.01,2025-11-12,10.1800,10.1800,10.2277,2243.00,,,46990.64,"Re-sized to target allocation (rank 2 of 172, in top.n selection)"
2026-01-08,2026-01-07,26,TRIM,NATIONALUM,14.00,341.1255,4775.76,2025-11-12,256.3805,256.3805,256.3805,75.00,1186.43,,51766.40,"Re-sized to target allocation (rank 1 of 172, in top.n selection)"
2026-01-08,2026-01-07,26,ENTRY,BHARATFORG,17.00,1473.8382,25055.25,2026-01-08,1473.8382,0.0000,1473.8382,17.00,,,26711.15,"Entered: rank 12 of 172 (top.n=5, higher-ranked names skipped by sector cap)"
2026-01-08,2026-01-07,26,ENTRY,SHRIRAMFIN,25.00,995.7673,24894.18,2026-01-08,995.7673,0.0000,995.7673,25.00,,,1816.97,Entered: rank 3 of 172 (top.n=5)
2026-02-06,2026-02-05,27,TRIM,ASHOKLEY,7.00,198.1203,1386.84,2025-12-10,157.3163,157.3163,157.3163,133.00,285.63,,3203.81,"Re-sized to target allocation (rank 5 of 172, in top.n selection)"
2026-02-06,2026-02-05,27,TRIM,BHARATFORG,1.00,1566.6500,1566.65,2026-01-08,1473.8382,1473.8382,1473.8382,16.00,92.81,,4770.46,"Re-sized to target allocation (rank 10 of 172, in top.n selection)"
2026-02-06,2026-02-05,27,ADD,IDEA,123.00,11.2000,1377.60,2025-11-12,10.1800,10.2277,10.2783,2366.00,,,3392.86,"Re-sized to target allocation (rank 8 of 172, in top.n selection)"
2026-02-06,2026-02-05,27,ADD,SHRIRAMFIN,1.00,988.4089,988.41,2026-01-08,995.7673,995.7673,995.4843,26.00,,,2404.45,"Re-sized to target allocation (rank 2 of 172, in top.n selection)"
2026-03-09,2026-03-06,28,EXIT,ASHOKLEY,133.00,187.2556,24905.00,2025-12-10,157.3163,157.3163,0.0000,0.00,3981.92,3981.92,27309.44,"Rank 5 of 173, within exit rank 5 but not reselected (sector cap or book capacity)"
2026-03-09,2026-03-06,28,EXIT,IDEA,2366.00,9.8900,23399.74,2025-11-12,10.1800,10.2783,0.0000,0.00,-918.67,-686.14,50709.19,"Rank 47 of 173, below exit rank 5"
2026-03-09,2026-03-06,28,TRIM,BHARATFORG,2.00,1903.4250,3806.85,2026-01-08,1473.8382,1473.8382,1473.8382,14.00,859.17,,54516.04,"Re-sized to target allocation (rank 3 of 173, in top.n selection)"
2026-03-09,2026-03-06,28,TRIM,NATIONALUM,7.00,393.0382,2751.27,2025-11-12,256.3805,256.3805,256.3805,68.00,956.60,,57267.30,"Re-sized to target allocation (rank 1 of 173, in top.n selection)"
2026-03-09,2026-03-06,28,ADD,SHRIRAMFIN,2.00,952.1142,1904.23,2026-01-08,995.7673,995.4843,992.3864,28.00,,,55363.07,"Re-sized to target allocation (rank 4 of 173, in top.n selection)"
2026-03-09,2026-03-06,28,ENTRY,LUPIN,11.00,2293.3712,25227.08,2026-03-09,2293.3712,0.0000,2293.3712,11.00,,,30135.99,"Entered: rank 9 of 173 (top.n=5, higher-ranked names skipped by sector cap)"
2026-03-09,2026-03-06,28,ENTRY,POWERINDIA,1.00,25393.9369,25393.94,2026-03-09,25393.9369,0.0000,25393.9369,1.00,,,4742.05,Entered: rank 2 of 173 (top.n=5)
2026-04-09,2026-04-08,29,EXIT,LUPIN,11.00,2283.6418,25120.06,2026-03-09,2293.3712,2293.3712,0.0000,0.00,-107.02,-107.02,29862.11,"Rank 23 of 175, below exit rank 5"
2026-04-09,2026-04-08,29,EXIT,POWERINDIA,1.00,26073.7734,26073.77,2026-03-09,25393.9369,25393.9369,0.0000,0.00,679.84,679.84,55935.89,"Rank 14 of 175, below exit rank 5"
2026-04-09,2026-04-08,29,EXIT,SHRIRAMFIN,28.00,1004.4183,28123.71,2026-01-08,995.7673,992.3864,0.0000,0.00,336.89,242.23,84059.60,"Rank 9 of 175, below exit rank 5"
2026-04-09,2026-04-08,29,ADD,BHARATFORG,1.00,1772.6219,1772.62,2026-01-08,1473.8382,1473.8382,1493.7571,15.00,,,82286.98,"Re-sized to target allocation (rank 5 of 175, in top.n selection)"
2026-04-09,2026-04-08,29,ENTRY,GVT&D,7.00,3752.7114,26268.98,2026-04-09,3752.7114,0.0000,3752.7114,7.00,,,56018.00,Entered: rank 4 of 175 (top.n=5)
2026-04-09,2026-04-08,29,ENTRY,LENSKART,53.00,506.0000,26818.00,2026-04-09,506.0000,0.0000,506.0000,53.00,,,29200.00,Entered: rank 3 of 175 (top.n=5)
2026-04-09,2026-04-08,29,ENTRY,MCX,10.00,2593.6449,25936.45,2026-04-09,2593.6449,0.0000,2593.6449,10.00,,,3263.55,Entered: rank 2 of 175 (top.n=5)
2026-05-08,2026-05-07,30,EXIT,GVT&D,7.00,4768.1981,33377.39,2026-04-09,3752.7114,3752.7114,0.0000,0.00,7108.41,7108.41,36640.94,"Rank 2 of 176, within exit rank 5 but not reselected (sector cap or book capacity)"
2026-05-08,2026-05-07,30,EXIT,LENSKART,53.00,487.0000,25811.00,2026-04-09,506.0000,506.0000,0.0000,0.00,-1007.00,-1007.00,62451.94,"Rank 55 of 176, below exit rank 5"
2026-05-08,2026-05-07,30,EXIT,MCX,10.00,3061.4986,30614.99,2026-04-09,2593.6449,2593.6449,0.0000,0.00,4678.54,4678.54,93066.92,"Rank 6 of 176, below exit rank 5"
2026-05-08,2026-05-07,30,EXIT,NATIONALUM,68.00,402.1778,27348.09,2025-11-12,256.3805,256.3805,0.0000,0.00,9914.22,9914.22,120415.02,"Rank 7 of 176, below exit rank 5"
2026-05-08,2026-05-07,30,ENTRY,BSE,7.00,3953.1853,27672.30,2026-05-08,3953.1853,0.0000,3953.1853,7.00,,,92742.72,Entered: rank 3 of 176 (top.n=5)
2026-05-08,2026-05-07,30,ENTRY,OFSS,3.00,9500.5000,28501.50,2026-05-08,9500.5000,0.0000,9500.5000,3.00,,,64241.22,"Entered: rank 12 of 176 (top.n=5, higher-ranked names skipped by sector cap)"
2026-05-08,2026-05-07,30,ENTRY,POWERINDIA,0.00,34941.6572,0.00,2026-05-08,34941.6572,0.0000,0.0000,0.00,,,64241.22,Entered: rank 1 of 176 (top.n=5)
2026-05-08,2026-05-07,30,ENTRY,SAIL,163.00,184.5831,30087.04,2026-05-08,184.5831,0.0000,184.5831,163.00,,,34154.18,Entered: rank 5 of 176 (top.n=5)
2026-06-05,2026-06-04,31,EXIT,BHARATFORG,15.00,1922.2678,28834.02,2026-01-08,1473.8382,1493.7571,0.0000,0.00,6427.66,6726.44,62988.20,"Rank 12 of 176, below exit rank 5"
2026-06-05,2026-06-04,31,EXIT,OFSS,3.00,10175.0000,30525.00,2026-05-08,9500.5000,9500.5000,0.0000,0.00,2023.50,2023.50,93513.20,"Rank 14 of 176, below exit rank 5"
2026-06-05,2026-06-04,31,EXIT,SAIL,163.00,194.9473,31776.42,2026-05-08,184.5831,184.5831,0.0000,0.00,1689.38,1689.38,125289.61,"Rank 15 of 176, below exit rank 5"
2026-06-05,2026-06-04,31,ENTRY,ADANIENT,10.00,2990.6628,29906.63,2026-06-05,2990.6628,0.0000,2990.6628,10.00,,,95382.98,"Entered: rank 7 of 176 (top.n=5, higher-ranked names skipped by sector cap)"
2026-06-05,2026-06-04,31,ENTRY,IDEA,2036.00,15.0800,30702.88,2026-06-05,15.0800,0.0000,15.0800,2036.00,,,64680.10,Entered: rank 5 of 176 (top.n=5)
2026-06-05,2026-06-04,31,ENTRY,LAURUSLABS,21.00,1435.0000,30135.00,2026-06-05,1435.0000,0.0000,1435.0000,21.00,,,34545.10,"Entered: rank 8 of 176 (top.n=5, higher-ranked names skipped by sector cap)"
2026-07-03,2026-07-02,32,EXIT,BSE,7.00,3859.8311,27018.82,2026-05-08,3953.1853,3953.1853,0.0000,0.00,-653.48,-653.48,61563.92,"Rank 8 of 176, below exit rank 5"
2026-07-03,2026-07-02,32,EXIT,IDEA,2036.00,14.5000,29522.00,2026-06-05,15.0800,15.0800,0.0000,0.00,-1180.88,-1180.88,91085.92,"Rank 13 of 176, below exit rank 5"
2026-07-03,2026-07-02,32,EXIT,POWERINDIA,0.00,32077.3404,0.00,2026-05-08,34941.6572,0.0000,0.0000,0.00,0.00,0.00,91085.92,"Rank 6 of 176, below exit rank 5"
2026-07-03,2026-07-02,32,TRIM,ADANIENT,1.00,3192.0000,3192.00,2026-06-05,2990.6628,2990.6628,2990.6628,9.00,201.34,,94277.92,"Re-sized to target allocation (rank 4 of 176, in top.n selection)"
2026-07-03,2026-07-02,32,TRIM,LAURUSLABS,1.00,1530.0000,1530.00,2026-06-05,1435.0000,1435.0000,1435.0000,20.00,95.00,,95807.92,"Re-sized to target allocation (rank 3 of 176, in top.n selection)"
2026-07-03,2026-07-02,32,ENTRY,BHEL,77.00,400.7074,30854.47,2026-07-03,400.7074,0.0000,400.7074,77.00,,,64953.45,Entered: rank 2 of 176 (top.n=5)
2026-07-03,2026-07-02,32,ENTRY,OFSS,2.00,11000.0000,22000.00,2026-07-03,11000.0000,0.0000,11000.0000,2.00,,,42953.45,Entered: rank 1 of 176 (top.n=5)
2026-07-03,2026-07-02,32,ENTRY,RADICO,7.00,3970.1911,27791.34,2026-07-03,3970.1911,0.0000,3970.1911,7.00,,,15162.11,Entered: rank 5 of 176 (top.n=5)
2026-07-31,2026-07-30,33,EXIT,BHEL,77.00,406.0000,31262.00,2026-07-03,400.7074,400.7074,0.0000,0.00,407.53,407.53,46424.11,"Rank 6 of 176, below exit rank 5"
2026-07-31,2026-07-30,33,ADD,ADANIENT,1.00,3051.0000,3051.00,2026-06-05,2990.6628,2990.6628,2996.6965,10.00,,,43373.11,"Re-sized to target allocation (rank 5 of 176, in top.n selection)"
2026-07-31,2026-07-30,33,TRIM,LAURUSLABS,2.00,1785.0000,3570.00,2026-06-05,1435.0000,1435.0000,1435.0000,18.00,700.00,,46943.11,"Re-sized to target allocation (rank 1 of 176, in top.n selection)"
2026-07-31,2026-07-30,33,ENTRY,KALYANKJIL,51.00,632.0211,32233.08,2026-07-31,632.0211,0.0000,632.0211,51.00,,,14710.04,Entered: rank 3 of 176 (top.n=5)
2026-08-28,2026-08-27,34,EXIT,ADANIENT,10.00,3170.0000,31700.00,2026-06-05,2990.6628,2996.6965,0.0000,0.00,1733.03,1793.37,46410.04,"Rank 7 of 176, below exit rank 5"
2026-08-28,2026-08-27,34,EXIT,OFSS,2.00,11876.0000,23752.00,2026-07-03,11000.0000,11000.0000,0.0000,0.00,1752.00,1752.00,70162.04,"Rank 8 of 176, below exit rank 5"
2026-08-28,2026-08-27,34,EXIT,RADICO,7.00,4600.7998,32205.60,2026-07-03,3970.1911,3970.1911,0.0000,0.00,4414.26,4414.26,102367.64,"Rank 6 of 176, below exit rank 5"
2026-08-28,2026-08-27,34,ADD,KALYANKJIL,2.00,630.4277,1260.86,2026-07-31,632.0211,632.0211,631.9610,53.00,,,101106.78,"Re-sized to target allocation (rank 4 of 176, in top.n selection)"
2026-08-28,2026-08-27,34,TRIM,LAURUSLABS,1.00,1929.7000,1929.70,2026-06-05,1435.0000,1435.0000,1435.0000,17.00,494.70,,103036.48,"Re-sized to target allocation (rank 1 of 176, in top.n selection)"
2026-08-28,2026-08-27,34,ENTRY,COFORGE,17.00,1915.0000,32555.00,2026-08-28,1915.0000,0.0000,1915.0000,17.00,,,70481.48,Entered: rank 2 of 176 (top.n=5)
2026-08-28,2026-08-27,34,ENTRY,IDEA,2252.00,15.0300,33847.56,2026-08-28,15.0300,0.0000,15.0300,2252.00,,,36633.92,Entered: rank 3 of 176 (top.n=5)
2026-08-28,2026-08-27,34,ENTRY,PAYTM,20.00,1685.0000,33700.00,2026-08-28,1685.0000,0.0000,1685.0000,20.00,,,2933.92,Entered: rank 5 of 176 (top.n=5)
2026-09-25,2026-09-24,35,EXIT,IDEA,2252.00,14.1500,31865.80,2026-08-28,15.0300,15.0300,0.0000,0.00,-1981.76,-1981.76,34799.72,"Rank 59 of 176, below exit rank 5"
2026-09-25,2026-09-24,35,ADD,COFORGE,1.00,1786.9000,1786.90,2026-08-28,1915.0000,1915.0000,1907.8833,18.00,,,33012.82,"Re-sized to target allocation (rank 6 of 176, in top.n selection)"
2026-09-25,2026-09-24,35,ADD,KALYANKJIL,4.00,574.6000,2298.40,2026-07-31,632.0211,631.9610,627.9357,57.00,,,30714.42,"Re-sized to target allocation (rank 1 of 176, in top.n selection)"
2026-09-25,2026-09-24,35,TRIM,LAURUSLABS,1.00,2026.0000,2026.00,2026-06-05,1435.0000,1435.0000,1435.0000,16.00,591.00,,32740.42,"Re-sized to target allocation (rank 3 of 176, in top.n selection)"
2026-09-25,2026-09-24,35,TRIM,PAYTM,1.00,1732.5000,1732.50,2026-08-28,1685.0000,1685.0000,1685.0000,19.00,47.50,,34472.92,"Re-sized to target allocation (rank 2 of 176, in top.n selection)"
2026-09-25,2026-09-24,35,ENTRY,ETERNAL,98.00,335.6000,32888.80,2026-09-25,335.6000,0.0000,335.6000,98.00,,,1584.12,Entered: rank 4 of 176 (top.n=5)
