date,rebalance_number,positions,cash,invested_value,account_equity,contribution,cumulative_contributions,net_capital,daily_pnl,daily_return_pct,twr_index,drawdown_pct,realized_pnl,unrealized_pnl,total_pnl,missing_prices,reconciliation_diff
2024-01-01,1,5,556.06,100639.69,101195.75,0.00,0.00,100000.00,1195.75,1.1958,1.0119575265,0.0000,0.00,1195.75,1195.75,0,0.0000
2024-01-02,1,5,556.06,100961.86,101517.93,0.00,0.00,100000.00,322.18,0.3184,1.0151792827,0.0000,0.00,1517.93,1517.93,0,0.0000
2024-01-03,1,5,556.06,101033.68,101589.75,0.00,0.00,100000.00,71.82,0.0707,1.0158974634,0.0000,0.00,1589.75,1589.75,0,0.0000
2024-01-04,1,5,556.06,104710.20,105266.26,0.00,0.00,100000.00,3676.51,3.6190,1.0526626125,0.0000,0.00,5266.26,5266.26,0,0.0000
2024-01-05,1,5,556.06,104876.91,105432.98,0.00,0.00,100000.00,166.72,0.1584,1.0543297825,0.0000,0.00,5432.98,5432.98,0,0.0000
2024-01-08,1,5,556.06,103901.31,104457.37,0.00,0.00,100000.00,-975.61,-0.9253,1.0445736981,-0.9253,0.00,4457.37,4457.37,0,0.0000
2024-01-09,1,5,556.06,103328.39,103884.46,0.00,0.00,100000.00,-572.91,-0.5485,1.0388445927,-1.4687,0.00,3884.46,3884.46,0,0.0000
2024-01-10,1,5,556.06,103159.11,103715.17,0.00,0.00,100000.00,-169.29,-0.1630,1.0371517258,-1.6293,0.00,3715.17,3715.17,0,0.0000
2024-01-11,1,5,556.06,102932.12,103488.19,0.00,0.00,100000.00,-226.99,-0.2189,1.0348818627,-1.8446,0.00,3488.19,3488.19,0,0.0000
2024-01-12,1,5,556.06,102593.98,103150.04,0.00,0.00,100000.00,-338.14,-0.3267,1.0315004128,-2.1653,0.00,3150.04,3150.04,0,0.0000
2024-01-15,1,5,556.06,103252.81,103808.88,0.00,0.00,100000.00,658.84,0.6387,1.0380887874,-1.5404,0.00,3808.88,3808.88,0,0.0000
2024-01-16,1,5,556.06,102918.13,103474.19,0.00,0.00,100000.00,-334.69,-0.3224,1.0347419027,-1.8579,0.00,3474.19,3474.19,0,0.0000
2024-01-17,1,5,556.06,101159.96,101716.02,0.00,0.00,100000.00,-1758.17,-1.6991,1.0171602392,-3.5254,0.00,1716.02,1716.02,0,0.0000
2024-01-18,1,5,556.06,101720.56,102276.62,0.00,0.00,100000.00,560.60,0.5511,1.0227662112,-2.9937,0.00,2276.62,2276.62,0,0.0000
2024-01-19,1,5,556.06,102787.77,103343.83,0.00,0.00,100000.00,1067.21,1.0435,1.0334383319,-1.9815,0.00,3343.83,3343.83,0,0.0000
2024-01-23,1,5,556.06,95358.52,95914.59,0.00,0.00,100000.00,-7429.24,-7.1889,0.9591458921,-9.0279,0.00,-4085.41,-4085.41,0,0.0000
2024-01-24,1,5,556.06,98584.13,99140.19,0.00,0.00,100000.00,3225.60,3.3630,0.9914019268,-5.9685,0.00,-859.81,-859.81,0,0.0000
2024-01-25,1,5,556.06,99950.56,100506.63,0.00,0.00,100000.00,1366.44,1.3783,1.0050662908,-4.6725,0.00,506.63,506.63,0,0.0000
2024-01-29,1,5,556.06,100773.48,101329.55,0.00,0.00,100000.00,822.92,0.8188,1.0132954697,-3.8920,0.00,1329.55,1329.55,0,0.0000
2024-01-30,1,5,556.06,101665.20,102221.27,0.00,0.00,100000.00,891.72,0.8800,1.0222126898,-3.0462,0.00,2221.27,2221.27,0,0.0000
2024-01-31,2,5,1666.57,101363.30,103029.86,0.00,0.00,100000.00,808.59,0.7910,1.0302986377,-2.2793,1647.60,1382.26,3029.86,0,0.0000
2024-02-01,2,5,1666.57,101864.49,103531.06,0.00,0.00,100000.00,501.19,0.4865,1.0353105805,-1.8039,1647.60,1883.46,3531.06,0,0.0000
2024-02-02,2,5,1666.57,102032.36,103698.93,0.00,0.00,100000.00,167.87,0.1621,1.0369892566,-1.6447,1647.60,2051.33,3698.93,0,0.0000
2024-02-05,2,5,1666.57,101089.29,102755.86,0.00,0.00,100000.00,-943.07,-0.9094,1.0275585771,-2.5392,1647.60,1108.26,2755.86,0,0.0000
2024-02-06,2,5,1666.57,102935.77,104602.33,0.00,0.00,100000.00,1846.48,1.7970,1.0460233329,-0.7878,1647.60,2954.73,4602.33,0,0.0000
2024-02-07,2,5,1666.57,103422.64,105089.21,0.00,0.00,100000.00,486.88,0.4655,1.0508921067,-0.3261,1647.60,3441.61,5089.21,0,0.0000
2024-02-08,2,5,1666.57,103170.02,104836.58,0.00,0.00,100000.00,-252.63,-0.2404,1.0483658435,-0.5657,1647.60,3188.99,4836.58,0,0.0000
2024-02-09,2,5,1666.57,99563.38,101229.94,0.00,0.00,100000.00,-3606.64,-3.4403,1.0122994268,-3.9865,1647.60,-417.66,1229.94,0,0.0000
2024-02-12,2,5,1666.57,94963.93,96630.49,0.00,0.00,100000.00,-4599.45,-4.5436,0.9663049312,-8.3489,1647.60,-5017.11,-3369.51,0,0.0000
2024-02-13,2,5,1666.57,95132.33,96798.89,0.00,0.00,100000.00,168.40,0.1743,0.9679889389,-8.1892,1647.60,-4848.70,-3201.11,0,0.0000
2024-02-14,2,5,1666.57,98233.68,99900.24,0.00,0.00,100000.00,3101.35,3.2039,0.9990024154,-5.2476,1647.60,-1747.36,-99.76,0,0.0000
2024-02-15,2,5,1666.57,101530.35,103196.91,0.00,0.00,100000.00,3296.67,3.3000,1.0319691448,-2.1208,1647.60,1549.32,3196.91,0,0.0000
2024-02-16,2,5,1666.57,101831.75,103498.32,0.00,0.00,100000.00,301.41,0.2921,1.0349832107,-1.8350,1647.60,1850.72,3498.32,0,0.0000
2024-02-19,2,5,1666.57,101801.09,103467.66,0.00,0.00,100000.00,-30.66,-0.0296,1.0346766031,-1.8640,1647.60,1820.06,3467.66,0,0.0000
2024-02-20,2,5,1666.57,102545.02,104211.58,0.00,0.00,100000.00,743.92,0.7190,1.0421158455,-1.1585,1647.60,2563.99,4211.58,0,0.0000
2024-02-21,2,5,1666.57,103211.49,104878.05,0.00,0.00,100000.00,666.47,0.6395,1.0487805333,-0.5263,1647.60,3230.45,4878.05,0,0.0000
2024-02-22,2,5,1666.57,105156.54,106823.10,0.00,0.00,100000.00,1945.05,1.8546,1.0682310183,0.0000,1647.60,5175.50,6823.10,0,0.0000
2024-02-23,2,5,1666.57,104641.22,106307.78,0.00,0.00,100000.00,-515.32,-0.4824,1.0630778451,-0.4824,1647.60,4660.19,6307.78,0,0.0000
2024-02-26,2,5,1666.57,105687.91,107354.47,0.00,0.00,100000.00,1046.69,0.9846,1.0735447368,0.0000,1647.60,5706.87,7354.47,0,0.0000
2024-02-27,2,5,1666.57,105516.63,107183.20,0.00,0.00,100000.00,-171.28,-0.1595,1.0718319851,-0.1595,1647.60,5535.60,7183.20,0,0.0000
2024-02-28,3,5,2879.15,101117.17,103996.32,0.00,0.00,100000.00,-3186.88,-2.9733,1.0399631619,-3.1281,4621.11,-624.79,3996.32,0,0.0000
2024-02-29,3,5,2879.15,101868.21,104747.36,0.00,0.00,100000.00,751.04,0.7222,1.0474736073,-2.4285,4621.11,126.25,4747.36,0,0.0000
2024-03-01,3,5,2879.15,103726.67,106605.82,0.00,0.00,100000.00,1858.46,1.7742,1.0660581750,-0.6974,4621.11,1984.71,6605.82,0,0.0000
2024-03-04,3,5,2879.15,104041.75,106920.89,0.00,0.00,100000.00,315.07,0.2956,1.0692089219,-0.4039,4621.11,2299.78,6920.89,0,0.0000
2024-03-05,3,5,2879.15,104970.48,107849.62,0.00,0.00,100000.00,928.73,0.8686,1.0784962214,0.0000,4621.11,3228.51,7849.62,0,0.0000
2024-03-06,3,5,2879.15,103853.44,106732.58,0.00,0.00,100000.00,-1117.04,-1.0357,1.0673258342,-1.0357,4621.11,2111.47,6732.58,0,0.0000
2024-03-07,3,5,2879.15,106202.61,109081.76,0.00,0.00,100000.00,2349.18,2.2010,1.0908175944,0.0000,4621.11,4460.65,9081.76,0,0.0000
2024-03-11,3,5,2879.15,105765.58,108644.73,0.00,0.00,100000.00,-437.03,-0.4006,1.0864472589,-0.4006,4621.11,4023.62,8644.73,0,0.0000
2024-03-12,3,5,2879.15,104383.05,107262.20,0.00,0.00,100000.00,-1382.53,-1.2725,1.0726219682,-1.6681,4621.11,2641.09,7262.20,0,0.0000
2024-03-13,3,5,2879.15,99160.18,102039.33,0.00,0.00,100000.00,-5222.87,-4.8693,1.0203932962,-6.4561,4621.11,-2581.78,2039.33,0,0.0000
2024-03-14,3,5,2879.15,102549.72,105428.86,0.00,0.00,100000.00,3389.53,3.3218,1.0542886186,-3.3488,4621.11,807.75,5428.86,0,0.0000
2024-03-15,3,5,2879.15,101790.59,104669.73,0.00,0.00,100000.00,-759.13,-0.7200,1.0466973309,-4.0447,4621.11,48.62,4669.73,0,0.0000
2024-03-18,3,5,2879.15,100781.54,103660.69,0.00,0.00,100000.00,-1009.05,-0.9640,1.0366068721,-4.9697,4621.11,-960.42,3660.69,0,0.0000
2024-03-19,3,5,2879.15,98274.74,101153.89,0.00,0.00,100000.00,-2506.80,-2.4183,1.0115388786,-7.2678,4621.11,-3467.22,1153.89,0,0.0000
2024-03-20,3,5,2879.15,98227.10,101106.24,0.00,0.00,100000.00,-47.64,-0.0471,1.0110624421,-7.3115,4621.11,-3514.86,1106.24,0,0.0000
2024-03-21,3,5,2879.15,101117.84,103996.98,0.00,0.00,100000.00,2890.74,2.8591,1.0399698231,-4.6614,4621.11,-624.13,3996.98,0,0.0000
2024-03-22,3,5,2879.15,101180.57,104059.71,0.00,0.00,100000.00,62.73,0.0603,1.0405971321,-4.6039,4621.11,-561.40,4059.71,0,0.0000
2024-03-26,3,5,2879.15,101697.10,104576.25,0.00,0.00,100000.00,516.53,0.4964,1.0457624638,-4.1304,4621.11,-44.86,4576.25,0,0.0000
2024-03-27,3,5,2879.15,101021.16,103900.30,0.00,0.00,100000.00,-675.94,-0.6464,1.0390030266,-4.7501,4621.11,-720.81,3900.30,0,0.0000
2024-03-28,3,5,2879.15,102106.47,104985.62,0.00,0.00,100000.00,1085.31,1.0446,1.0498561650,-3.7551,4621.11,364.51,4985.62,0,0.0000
2024-04-01,4,5,6265.05,100812.66,107077.71,0.00,0.00,100000.00,2092.09,1.9927,1.0707770719,-1.8372,6243.36,834.34,7077.71,0,0.0000
2024-04-02,4,5,6265.05,102287.55,108552.60,0.00,0.00,100000.00,1474.89,1.3774,1.0855259722,-0.4851,6243.36,2309.23,8552.60,0,0.0000
2024-04-03,4,5,6265.05,104057.42,110322.47,0.00,0.00,100000.00,1769.87,1.6304,1.1032246801,0.0000,6243.36,4079.10,10322.47,0,0.0000
2024-04-04,4,5,6265.05,105518.27,111783.32,0.00,0.00,100000.00,1460.85,1.3242,1.1178331878,0.0000,6243.36,5539.95,11783.32,0,0.0000
2024-04-05,4,5,6265.05,105371.99,111637.04,0.00,0.00,100000.00,-146.28,-0.1309,1.1163703553,-0.1309,6243.36,5393.67,11637.04,0,0.0000
2024-04-08,4,5,6265.05,104975.01,111240.06,0.00,0.00,100000.00,-396.98,-0.3556,1.1124005671,-0.4860,6243.36,4996.69,11240.06,0,0.0000
2024-04-09,4,5,6265.05,104353.70,110618.75,0.00,0.00,100000.00,-621.31,-0.5585,1.1061875100,-1.0418,6243.36,4375.39,10618.75,0,0.0000
2024-04-10,4,5,6265.05,103956.91,110221.96,0.00,0.00,100000.00,-396.79,-0.3587,1.1022195633,-1.3968,6243.36,3978.59,10221.96,0,0.0000
2024-04-12,4,5,6265.05,101674.28,107939.33,0.00,0.00,100000.00,-2282.62,-2.0709,1.0793933141,-3.4388,6243.36,1695.97,7939.33,0,0.0000
2024-04-15,4,5,6265.05,100004.86,106269.91,0.00,0.00,100000.00,-1669.42,-1.5466,1.0626991303,-4.9322,6243.36,26.55,6269.91,0,0.0000
2024-04-16,4,5,6265.05,100410.52,106675.56,0.00,0.00,100000.00,405.65,0.3817,1.0667556461,-4.5693,6243.36,432.20,6675.56,0,0.0000
2024-04-18,4,5,6265.05,99176.20,105441.25,0.00,0.00,100000.00,-1234.31,-1.1571,1.0544125307,-5.6735,6243.36,-802.11,5441.25,0,0.0000
2024-04-19,4,5,6265.05,99063.18,105328.23,0.00,0.00,100000.00,-113.03,-0.1072,1.0532822678,-5.7746,6243.36,-915.14,5328.23,0,0.0000
2024-04-22,4,5,6265.05,100096.97,106362.02,0.00,0.00,100000.00,1033.79,0.9815,1.0636201618,-4.8498,6243.36,118.65,6362.02,0,0.0000
2024-04-23,4,5,6265.05,101160.60,107425.65,0.00,0.00,100000.00,1063.63,1.0000,1.0742564918,-3.8983,6243.36,1182.28,7425.65,0,0.0000
2024-04-24,4,5,6265.05,103236.23,109501.28,0.00,0.00,100000.00,2075.63,1.9322,1.0950128242,-2.0415,6243.36,3257.92,9501.28,0,0.0000
2024-04-25,4,5,6265.05,104289.05,110554.10,0.00,0.00,100000.00,1052.81,0.9615,1.1055409708,-1.0996,6243.36,4310.73,10554.10,0,0.0000
2024-04-26,4,5,6265.05,108086.40,114351.45,0.00,0.00,100000.00,3797.35,3.4348,1.1435144884,0.0000,6243.36,8108.08,14351.45,0,0.0000
2024-04-29,4,5,6265.05,109277.94,115542.99,0.00,0.00,100000.00,1191.54,1.0420,1.1554298964,0.0000,6243.36,9299.63,15542.99,0,0.0000
2024-04-30,4,5,6265.05,109719.60,115984.65,0.00,0.00,100000.00,441.66,0.3822,1.1598465206,0.0000,6243.36,9741.29,15984.65,0,0.0000
2024-05-02,5,5,4828.02,111867.37,116695.39,0.00,0.00,100000.00,710.74,0.6128,1.1669538834,0.0000,9369.68,7325.70,16695.39,0,0.0000
2024-05-03,5,5,4828.02,111174.42,116002.44,0.00,0.00,100000.00,-692.95,-0.5938,1.1600243651,-0.5938,9369.68,6632.75,16002.44,0,0.0000
2024-05-06,5,5,4828.02,110392.45,115220.47,0.00,0.00,100000.00,-781.97,-0.6741,1.1522046532,-1.2639,9369.68,5850.78,15220.47,0,0.0000
2024-05-07,5,5,4828.02,108728.08,113556.09,0.00,0.00,100000.00,-1664.37,-1.4445,1.1355609382,-2.6902,9369.68,4186.41,13556.09,0,0.0000
2024-05-08,5,5,4828.02,109810.26,114638.27,0.00,0.00,100000.00,1082.18,0.9530,1.1463827073,-1.7628,9369.68,5268.59,14638.27,0,0.0000
2024-05-09,5,5,4828.02,106428.39,111256.40,0.00,0.00,100000.00,-3381.87,-2.9500,1.1125640342,-4.6608,9369.68,1886.72,11256.40,0,0.0000
2024-05-10,5,5,4828.02,106456.82,111284.83,0.00,0.00,100000.00,28.43,0.0256,1.1128483225,-4.6365,9369.68,1915.15,11284.83,0,0.0000
2024-05-13,5,5,4828.02,107389.12,112217.13,0.00,0.00,100000.00,932.30,0.8378,1.1221713166,-3.8376,9369.68,2847.45,12217.13,0,0.0000
2024-05-14,5,5,4828.02,111393.86,116221.87,0.00,0.00,100000.00,4004.74,3.5687,1.1622187259,-0.4058,9369.68,6852.19,16221.87,0,0.0000
2024-05-15,5,5,4828.02,112495.93,117323.94,0.00,0.00,100000.00,1102.07,0.9482,1.1732394092,0.0000,9369.68,7954.26,17323.94,0,0.0000
2024-05-16,5,5,4828.02,114540.73,119368.75,0.00,0.00,100000.00,2044.80,1.7429,1.1936874549,0.0000,9369.68,9999.06,19368.75,0,0.0000
2024-05-17,5,5,4828.02,116349.54,121177.56,0.00,0.00,100000.00,1808.81,1.5153,1.2117755622,0.0000,9369.68,11807.87,21177.56,0,0.0000
2024-05-21,5,5,4828.02,121664.56,126492.57,0.00,0.00,100000.00,5315.02,4.3861,1.2649257216,0.0000,9369.68,17122.89,26492.57,0,0.0000
2024-05-22,5,5,4828.02,122143.58,126971.60,0.00,0.00,100000.00,479.03,0.3787,1.2697159963,0.0000,9369.68,17601.92,26971.60,0,0.0000
2024-05-23,5,5,4828.02,121221.46,126049.47,0.00,0.00,100000.00,-922.13,-0.7262,1.2604947126,-0.7262,9369.68,16679.79,26049.47,0,0.0000
2024-05-24,5,5,4828.02,120777.91,125605.92,0.00,0.00,100000.00,-443.55,-0.3519,1.2560592135,-1.0756,9369.68,16236.24,25605.92,0,0.0000
2024-05-27,5,5,4828.02,120945.52,125773.54,0.00,0.00,100000.00,167.62,0.1334,1.2577353998,-0.9436,9369.68,16403.86,25773.54,0,0.0000
2024-05-28,5,5,4828.02,118147.86,122975.87,0.00,0.00,100000.00,-2797.67,-2.2244,1.2297587269,-3.1469,9369.68,13606.19,22975.87,0,0.0000
2024-05-29,5,5,4828.02,118183.92,123011.94,0.00,0.00,100000.00,36.06,0.0293,1.2301193702,-3.1185,9369.68,13642.25,23011.94,0,0.0000
2024-05-30,5,5,4828.02,117904.31,122732.33,0.00,0.00,100000.00,-279.61,-0.2273,1.2273232763,-3.3388,9369.68,13362.64,22732.33,0,0.0000
2024-05-31,6,5,2100.54,122095.65,124196.19,0.00,0.00,100000.00,1463.86,1.1927,1.2419619169,-2.1858,16428.32,7767.87,24196.19,0,0.0000
2024-06-03,6,5,2100.54,125967.00,128067.54,0.00,0.00,100000.00,3871.35,3.1171,1.2806754031,0.0000,16428.32,11639.22,28067.54,0,0.0000
2024-06-04,6,5,2100.54,110769.67,112870.21,0.00,0.00,100000.00,-15197.33,-11.8667,1.1287021325,-11.8667,16428.32,-3558.11,12870.21,0,0.0000
2024-06-05,6,5,2100.54,109852.90,111953.44,0.00,0.00,100000.00,-916.77,-0.8122,1.1195344047,-12.5825,16428.32,-4474.88,11953.44,0,0.0000
2024-06-06,6,5,2100.54,116277.49,118378.03,0.00,0.00,100000.00,6424.59,5.7386,1.1837802726,-7.5659,16428.32,1949.71,18378.03,0,0.0000
2024-06-07,6,5,2100.54,117843.17,119943.70,0.00,0.00,100000.00,1565.68,1.3226,1.1994370342,-6.3434,16428.32,3515.38,19943.70,0,0.0000
2024-06-10,6,5,2100.54,119349.64,121450.18,0.00,0.00,100000.00,1506.47,1.2560,1.2145017654,-5.1671,16428.32,5021.86,21450.18,0,0.0000
2024-06-11,6,5,2100.54,123062.30,125162.84,0.00,0.00,100000.00,3712.66,3.0569,1.2516283831,-2.2681,16428.32,8734.52,25162.84,0,0.0000
2024-06-12,6,5,2100.54,123737.31,125837.84,0.00,0.00,100000.00,675.01,0.5393,1.2583784487,-1.7410,16428.32,9409.52,25837.84,0,0.0000
2024-06-13,6,5,2100.54,125312.46,127412.99,0.00,0.00,100000.00,1575.15,1.2517,1.2741299386,-0.5111,16428.32,10984.67,27412.99,0,0.0000
2024-06-14,6,5,2100.54,129349.38,131449.92,0.00,0.00,100000.00,4036.92,3.1684,1.3144991738,0.0000,16428.32,15021.60,31449.92,0,0.0000
2024-06-18,6,5,2100.54,132545.31,134645.85,0.00,0.00,100000.00,3195.93,2.4313,1.3464584646,0.0000,16428.32,18217.53,34645.85,0,0.0000
2024-06-19,6,5,2100.54,131517.04,133617.58,0.00,0.00,100000.00,-1028.27,-0.7637,1.3361758141,-0.7637,16428.32,17189.26,33617.58,0,0.0000
2024-06-20,6,5,2100.54,131044.66,133145.20,0.00,0.00,100000.00,-472.39,-0.3535,1.3314519567,-1.1145,16428.32,16716.87,33145.20,0,0.0000
2024-06-21,6,5,2100.54,131669.74,133770.28,0.00,0.00,100000.00,625.08,0.4695,1.3377027804,-0.6503,16428.32,17341.96,33770.28,0,0.0000
2024-06-24,6,5,2100.54,132050.30,134150.84,0.00,0.00,100000.00,380.56,0.2845,1.3415083971,-0.3676,16428.32,17722.52,34150.84,0,0.0000
2024-06-25,6,5,2100.54,132556.95,134657.49,0.00,0.00,100000.00,506.65,0.3777,1.3465749264,0.0000,16428.32,18229.17,34657.49,0,0.0000
2024-06-26,6,5,2100.54,133994.99,136095.53,0.00,0.00,100000.00,1438.03,1.0679,1.3609552749,0.0000,16428.32,19667.21,36095.53,0,0.0000
2024-06-27,6,5,2100.54,133915.86,136016.40,0.00,0.00,100000.00,-79.13,-0.0581,1.3601639938,-0.0581,16428.32,19588.08,36016.40,0,0.0000
2024-06-28,6,5,2100.54,133107.49,135208.02,0.00,0.00,100000.00,-808.38,-0.5943,1.3520802361,-0.6521,16428.32,18779.70,35208.02,0,0.0000
2024-07-01,7,5,7098.67,130734.09,137832.76,0.00,0.00,100000.00,2624.74,1.9413,1.3783276013,0.0000,33267.52,4565.24,37832.76,0,0.0000
2024-07-02,7,5,7098.67,130340.52,137439.20,0.00,0.00,100000.00,-393.56,-0.2855,1.3743919654,-0.2855,33267.52,4171.67,37439.20,0,0.0000
2024-07-03,7,5,7098.67,133098.94,140197.61,0.00,0.00,100000.00,2758.42,2.0070,1.4019761170,0.0000,33267.52,6930.09,40197.61,0,0.0000
2024-07-04,7,5,7098.67,136703.45,143802.13,0.00,0.00,100000.00,3604.52,2.5710,1.4380212717,0.0000,33267.52,10534.60,43802.13,0,0.0000
2024-07-05,7,5,7098.67,137924.39,145023.06,0.00,0.00,100000.00,1220.94,0.8490,1.4502306308,0.0000,33267.52,11755.54,45023.06,0,0.0000
2024-07-08,7,5,7098.67,135998.65,143097.33,0.00,0.00,100000.00,-1925.74,-1.3279,1.4309732532,-1.3279,33267.52,9829.80,43097.33,0,0.0000
2024-07-09,7,5,7098.67,136585.82,143684.49,0.00,0.00,100000.00,587.17,0.4103,1.4368449488,-0.9230,33267.52,10416.97,43684.49,0,0.0000
2024-07-10,7,5,7098.67,133801.20,140899.87,0.00,0.00,100000.00,-2784.62,-1.9380,1.4089987299,-2.8431,33267.52,7632.35,40899.87,0,0.0000
2024-07-11,7,5,7098.67,136069.52,143168.19,0.00,0.00,100000.00,2268.32,1.6099,1.4316819416,-1.2790,33267.52,9900.67,43168.19,0,0.0000
2024-07-12,7,5,7098.67,135105.12,142203.80,0.00,0.00,100000.00,-964.40,-0.6736,1.4220379785,-1.9440,33267.52,8936.27,42203.80,0,0.0000
2024-07-15,7,5,7098.67,135070.18,142168.86,0.00,0.00,100000.00,-34.94,-0.0246,1.4216885587,-1.9681,33267.52,8901.33,42168.86,0,0.0000
2024-07-16,7,5,7098.67,136514.85,143613.53,0.00,0.00,100000.00,1444.67,1.0162,1.4361352698,-0.9719,33267.52,10346.00,43613.53,0,0.0000
2024-07-18,7,5,7098.67,134586.42,141685.09,0.00,0.00,100000.00,-1928.44,-1.3428,1.4168509055,-2.3017,33267.52,8417.57,41685.09,0,0.0000
2024-07-19,7,5,7098.67,131421.83,138520.50,0.00,0.00,100000.00,-3164.59,-2.2335,1.3852050214,-4.4838,33267.52,5252.98,38520.50,0,0.0000
2024-07-22,7,5,7098.67,134289.71,141388.38,0.00,0.00,100000.00,2867.88,2.0704,1.4138838456,-2.5063,33267.52,8120.86,41388.38,0,0.0000
2024-07-23,7,5,7098.67,133519.72,140618.40,0.00,0.00,100000.00,-769.99,-0.5446,1.4061839768,-3.0372,33267.52,7350.87,40618.40,0,0.0000
2024-07-24,7,5,7098.67,134155.86,141254.53,0.00,0.00,100000.00,636.14,0.4524,1.4125453281,-2.5986,33267.52,7987.01,41254.53,0,0.0000
2024-07-25,7,5,7098.67,132276.04,139374.71,0.00,0.00,100000.00,-1879.82,-1.3308,1.3937471448,-3.8948,33267.52,6107.19,39374.71,0,0.0000
2024-07-26,7,5,7098.67,134958.03,142056.71,0.00,0.00,100000.00,2681.99,1.9243,1.4205670697,-2.0454,33267.52,8789.18,42056.71,0,0.0000
2024-07-29,7,5,7098.67,138087.34,145186.01,0.00,0.00,100000.00,3129.31,2.2029,1.4518601444,0.0000,33267.52,11918.49,45186.01,0,0.0000
2024-07-30,8,5,2159.12,143005.60,145164.72,0.00,0.00,100000.00,-21.29,-0.0147,1.4516472158,-0.0147,34488.40,10676.32,45164.72,0,0.0000
2024-07-31,8,5,2159.12,140307.07,142466.19,0.00,0.00,100000.00,-2698.53,-1.8589,1.4246619427,-1.8733,34488.40,7977.79,42466.19,0,0.0000
2024-08-01,8,5,2159.12,138244.43,140403.55,0.00,0.00,100000.00,-2062.64,-1.4478,1.4040355087,-3.2940,34488.40,5915.15,40403.55,0,0.0000
2024-08-02,8,5,2159.12,136456.23,138615.35,0.00,0.00,100000.00,-1788.20,-1.2736,1.3861535476,-4.5257,34488.40,4126.95,38615.35,0,0.0000
2024-08-05,8,5,2159.12,129849.82,132008.94,0.00,0.00,100000.00,-6606.41,-4.7660,1.3200894137,-9.0760,34488.40,-2479.46,32008.94,0,0.0000
2024-08-06,8,5,2159.12,127864.75,130023.87,0.00,0.00,100000.00,-1985.07,-1.5037,1.3002386798,-10.4433,34488.40,-4464.53,30023.87,0,0.0000
2024-08-07,8,5,2159.12,131961.60,134120.72,0.00,0.00,100000.00,4096.85,3.1508,1.3412071914,-7.6215,34488.40,-367.68,34120.72,0,0.0000
2024-08-08,8,5,2159.12,129418.78,131577.90,0.00,0.00,100000.00,-2542.82,-1.8959,1.3157789764,-9.3729,34488.40,-2910.50,31577.90,0,0.0000
2024-08-09,8,5,2159.12,128950.73,131109.85,0.00,0.00,100000.00,-468.05,-0.3557,1.3110984866,-9.6953,34488.40,-3378.55,31109.85,0,0.0000
2024-08-12,8,5,2159.12,131918.96,134078.08,0.00,0.00,100000.00,2968.23,2.2639,1.3407808206,-7.6508,34488.40,-410.32,34078.08,0,0.0000
2024-08-13,8,5,2159.12,128490.68,130649.80,0.00,0.00,100000.00,-3428.28,-2.5569,1.3064980148,-10.0121,34488.40,-3838.60,30649.80,0,0.0000
2024-08-14,8,5,2159.12,126951.20,129110.32,0.00,0.00,100000.00,-1539.48,-1.1783,1.2911032211,-11.0725,34488.40,-5378.08,29110.32,0,0.0000
2024-08-16,8,5,2159.12,129026.55,131185.67,0.00,0.00,100000.00,2075.35,1.6074,1.3118567355,-9.6430,34488.40,-3302.73,31185.67,0,0.0000
2024-08-19,8,5,2159.12,129701.54,131860.66,0.00,0.00,100000.00,674.99,0.5145,1.3186066116,-9.1781,34488.40,-2627.74,31860.66,0,0.0000
2024-08-20,8,5,2159.12,128441.26,130600.38,0.00,0.00,100000.00,-1260.28,-0.9558,1.3060037655,-10.0462,34488.40,-3888.03,30600.38,0,0.0000
2024-08-21,8,5,2159.12,129178.16,131337.28,0.00,0.00,100000.00,736.90,0.5642,1.3133727725,-9.5386,34488.40,-3151.12,31337.28,0,0.0000
2024-08-22,8,5,2159.12,131836.68,133995.80,0.00,0.00,100000.00,2658.52,2.0242,1.3399579827,-7.7075,34488.40,-492.60,33995.80,0,0.0000
2024-08-23,8,5,2159.12,131737.30,133896.42,0.00,0.00,100000.00,-99.38,-0.0742,1.3389641760,-7.7760,34488.40,-591.98,33896.42,0,0.0000
2024-08-26,8,5,2159.12,130766.41,132925.53,0.00,0.00,100000.00,-970.89,-0.7251,1.3292552679,-8.4447,34488.40,-1562.87,32925.53,0,0.0000
2024-08-27,8,5,2159.12,131258.61,133417.73,0.00,0.00,100000.00,492.20,0.3703,1.3341773037,-8.1057,34488.40,-1070.67,33417.73,0,0.0000
2024-08-28,9,5,1876.10,132723.73,134599.83,0.00,0.00,100000.00,1182.10,0.8860,1.3459982814,-7.2915,35571.27,-971.44,34599.83,0,0.0000
2024-08-29,9,5,1876.10,133806.58,135682.68,0.00,0.00,100000.00,1082.85,0.8045,1.3568267528,-6.5456,35571.27,111.41,35682.68,0,0.0000
2024-08-30,9,5,1876.10,136663.50,138539.60,0.00,0.00,100000.00,2856.92,2.1056,1.3853959933,-4.5779,35571.27,2968.33,38539.60,0,0.0000
2024-09-02,9,5,1876.10,134790.63,136666.72,0.00,0.00,100000.00,-1872.87,-1.3519,1.3666672460,-5.8678,35571.27,1095.46,36666.72,0,0.0000
2024-09-03,9,5,1876.10,135686.78,137562.87,0.00,0.00,100000.00,896.15,0.6557,1.3756287496,-5.2506,35571.27,1991.61,37562.87,0,0.0000
2024-09-04,9,5,1876.10,131832.58,133708.68,0.00,0.00,100000.00,-3854.20,-2.8018,1.3370867959,-7.9053,35571.27,-1862.59,33708.68,0,0.0000
2024-09-05,9,5,1876.10,130425.89,132301.98,0.00,0.00,100000.00,-1406.69,-1.0521,1.3230198485,-8.8742,35571.27,-3269.28,32301.98,0,0.0000
2024-09-06,9,5,1876.10,131289.81,133165.91,0.00,0.00,100000.00,863.93,0.6530,1.3316591000,-8.2791,35571.27,-2405.36,33165.91,0,0.0000
2024-09-09,9,5,1876.10,130159.63,132035.73,0.00,0.00,100000.00,-1130.18,-0.8487,1.3203572524,-9.0575,35571.27,-3535.54,32035.73,0,0.0000
2024-09-10,9,5,1876.10,130489.61,132365.71,0.00,0.00,100000.00,329.99,0.2499,1.3236571348,-8.8303,35571.27,-3205.55,32365.71,0,0.0000
2024-09-11,9,5,1876.10,130159.83,132035.93,0.00,0.00,100000.00,-329.79,-0.2491,1.3203592615,-9.0574,35571.27,-3535.34,32035.93,0,0.0000
2024-09-12,9,5,1876.10,130121.47,131997.57,0.00,0.00,100000.00,-38.35,-0.0290,1.3199757264,-9.0838,35571.27,-3573.69,31997.57,0,0.0000
2024-09-13,9,5,1876.10,134419.07,136295.17,0.00,0.00,100000.00,4297.59,3.2558,1.3629516581,-6.1238,35571.27,723.90,36295.17,0,0.0000
2024-09-16,9,5,1876.10,141401.36,143277.46,0.00,0.00,100000.00,6982.29,5.1229,1.4327745533,-1.3146,35571.27,7706.19,43277.46,0,0.0000
2024-09-17,9,5,1876.10,138059.08,139935.18,0.00,0.00,100000.00,-3342.28,-2.3327,1.3993517742,-3.6166,35571.27,4363.91,39935.18,0,0.0000
2024-09-18,9,5,1876.10,136037.88,137913.97,0.00,0.00,100000.00,-2021.20,-1.4444,1.3791397485,-5.0088,35571.27,2342.71,37913.97,0,0.0000
2024-09-19,9,5,1876.10,134651.21,136527.31,0.00,0.00,100000.00,-1386.66,-1.0055,1.3652731319,-5.9639,35571.27,956.05,36527.31,0,0.0000
2024-09-20,9,5,1876.10,136406.97,138283.06,0.00,0.00,100000.00,1755.75,1.2860,1.3828306495,-4.7546,35571.27,2711.80,38283.06,0,0.0000
2024-09-23,9,5,1876.10,135965.33,137841.43,0.00,0.00,100000.00,-441.63,-0.3194,1.3784143006,-5.0587,35571.27,2270.16,37841.43,0,0.0000
2024-09-24,9,5,1876.10,136279.16,138155.26,0.00,0.00,100000.00,313.83,0.2277,1.3815526120,-4.8426,35571.27,2583.99,38155.26,0,0.0000
2024-09-25,10,5,3026.35,133986.78,137013.13,0.00,0.00,100000.00,-1142.14,-0.8267,1.3701312561,-5.6293,34750.33,2262.80,37013.13,0,0.0000
2024-09-26,10,5,3026.35,132740.69,135767.03,0.00,0.00,100000.00,-1246.09,-0.9095,1.3576703252,-6.4875,34750.33,1016.71,35767.03,0,0.0000
2024-09-27,10,5,3026.35,130574.66,133601.00,0.00,0.00,100000.00,-2166.03,-1.5954,1.3360100402,-7.9794,34750.33,-1149.32,33601.00,0,0.0000
2024-09-30,10,5,3026.35,131885.57,134911.92,0.00,0.00,100000.00,1310.91,0.9812,1.3491191635,-7.0765,34750.33,161.59,34911.92,0,0.0000
2024-10-01,10,5,3026.35,133281.13,136307.48,0.00,0.00,100000.00,1395.56,1.0344,1.3630747677,-6.1153,34750.33,1557.15,36307.48,0,0.0000
2024-10-03,10,5,3026.35,129546.13,132572.48,0.00,0.00,100000.00,-3735.00,-2.7401,1.3257248079,-8.6878,34750.33,-2177.85,32572.48,0,0.0000
2024-10-04,10,5,3026.35,126550.38,129576.73,0.00,0.00,100000.00,-2995.75,-2.2597,1.2957672971,-10.7512,34750.33,-5173.60,29576.73,0,0.0000
2024-10-07,10,5,3026.35,120246.68,123273.02,0.00,0.00,100000.00,-6303.71,-4.8648,1.2327302136,-15.0930,34750.33,-11477.30,23273.02,0,0.0000
2024-10-08,10,5,3026.35,128906.15,131932.50,0.00,0.00,100000.00,8659.48,7.0246,1.3193250016,-9.1286,34750.33,-2817.83,31932.50,0,0.0000
2024-10-09,10,5,3026.35,130334.97,133361.32,0.00,0.00,100000.00,1428.82,1.0830,1.3336132094,-8.1445,34750.33,-1389.01,33361.32,0,0.0000
2024-10-10,10,5,3026.35,128754.23,131780.58,0.00,0.00,100000.00,-1580.74,-1.1853,1.3178057903,-9.2333,34750.33,-2969.75,31780.58,0,0.0000
2024-10-11,10,5,3026.35,128288.82,131315.17,0.00,0.00,100000.00,-465.41,-0.3532,1.3131516629,-9.5538,34750.33,-3435.16,31315.17,0,0.0000
2024-10-14,10,5,3026.35,128412.80,131439.15,0.00,0.00,100000.00,123.98,0.0944,1.3143914567,-9.4685,34750.33,-3311.18,31439.15,0,0.0000
2024-10-15,10,5,3026.35,129290.43,132316.78,0.00,0.00,100000.00,877.63,0.6677,1.3231677594,-8.8640,34750.33,-2433.55,32316.78,0,0.0000
2024-10-16,10,5,3026.35,130044.42,133070.77,0.00,0.00,100000.00,753.99,0.5698,1.3307076908,-8.3446,34750.33,-1679.56,33070.77,0,0.0000
2024-10-17,10,5,3026.35,127535.48,130561.83,0.00,0.00,100000.00,-2508.94,-1.8854,1.3056182560,-10.0727,34750.33,-4188.50,30561.83,0,0.0000
2024-10-18,10,5,3026.35,126757.92,129784.26,0.00,0.00,100000.00,-777.56,-0.5956,1.2978426308,-10.6083,34750.33,-4966.06,29784.26,0,0.0000
2024-10-21,10,5,3026.35,124832.72,127859.07,0.00,0.00,100000.00,-1925.19,-1.4834,1.2785907051,-11.9343,34750.33,-6891.26,27859.07,0,0.0000
2024-10-22,10,5,3026.35,119013.15,122039.49,0.00,0.00,100000.00,-5819.58,-4.5516,1.2203949462,-15.9427,34750.33,-12710.83,22039.49,0,0.0000
2024-10-23,10,5,3026.35,124062.10,127088.45,0.00,0.00,100000.00,5048.95,4.1371,1.2708844895,-12.4651,34750.33,-7661.88,27088.45,0,0.0000
2024-10-24,11,5,8458.83,118031.34,126490.17,0.00,0.00,100000.00,-598.28,-0.4708,1.2649017108,-12.8772,24149.20,2340.97,26490.17,0,0.0000
2024-10-25,11,5,8458.83,115394.30,123853.14,0.00,0.00,100000.00,-2637.04,-2.0848,1.2385313568,-14.6935,24149.20,-296.07,23853.14,0,0.0000
2024-10-28,11,5,8458.83,114628.44,123087.27,0.00,0.00,100000.00,-765.86,-0.6184,1.2308727154,-15.2210,24149.20,-1061.93,23087.27,0,0.0000
2024-10-29,11,5,8458.83,115804.52,124263.35,0.00,0.00,100000.00,1176.08,0.9555,1.2426334906,-14.4109,24149.20,114.15,24263.35,0,0.0000
2024-10-30,11,5,8458.83,115386.71,123845.54,0.00,0.00,100000.00,-417.81,-0.3362,1.2384554101,-14.6987,24149.20,-303.66,23845.54,0,0.0000
2024-10-31,11,5,8458.83,114627.22,123086.05,0.00,0.00,100000.00,-759.49,-0.6133,1.2308604931,-15.2218,24149.20,-1063.15,23086.05,0,0.0000
2024-11-01,11,5,8458.83,115605.62,124064.45,0.00,0.00,100000.00,978.40,0.7949,1.2406444946,-14.5479,24149.20,-84.75,24064.45,0,0.0000
2024-11-04,11,5,8458.83,114969.12,123427.95,0.00,0.00,100000.00,-636.50,-0.5130,1.2342795428,-14.9863,24149.20,-721.25,23427.95,0,0.0000
2024-11-05,11,5,8458.83,115123.31,123582.14,0.00,0.00,100000.00,154.18,0.1249,1.2358213885,-14.8801,24149.20,-567.06,23582.14,0,0.0000
2024-11-06,11,5,8458.83,119995.95,128454.78,0.00,0.00,100000.00,4872.65,3.9428,1.2845478436,-11.5240,24149.20,4305.58,28454.78,0,0.0000
2024-11-07,11,5,8458.83,118311.48,126770.32,0.00,0.00,100000.00,-1684.47,-1.3113,1.2677031616,-12.6842,24149.20,2621.12,26770.32,0,0.0000
2024-11-08,11,5,8458.83,117843.77,126302.60,0.00,0.00,100000.00,-467.71,-0.3689,1.2630260235,-13.0064,24149.20,2153.40,26302.60,0,0.0000
2024-11-11,11,5,8458.83,117666.08,126124.91,0.00,0.00,100000.00,-177.69,-0.1407,1.2612491040,-13.1287,24149.20,1975.71,26124.91,0,0.0000
2024-11-12,11,5,8458.83,116600.86,125059.69,0.00,0.00,100000.00,-1065.22,-0.8446,1.2505969012,-13.8624,24149.20,910.49,25059.69,0,0.0000
2024-11-13,11,5,8458.83,112941.78,121400.62,0.00,0.00,100000.00,-3659.07,-2.9259,1.2140061608,-16.3827,24149.20,-2748.58,21400.62,0,0.0000
2024-11-14,11,5,8458.83,112389.25,120848.08,0.00,0.00,100000.00,-552.53,-0.4551,1.2084808190,-16.7633,24149.20,-3301.12,20848.08,0,0.0000
2024-11-18,11,5,8458.83,112291.06,120749.89,0.00,0.00,100000.00,-98.19,-0.0813,1.2074988855,-16.8309,24149.20,-3399.31,20749.89,0,0.0000
2024-11-19,11,5,8458.83,114986.32,123445.15,0.00,0.00,100000.00,2695.26,2.2321,1.2344515283,-14.9745,24149.20,-704.05,23445.15,0,0.0000
2024-11-21,11,5,8458.83,116083.83,124542.66,0.00,0.00,100000.00,1097.51,0.8891,1.2454266162,-14.2186,24149.20,393.46,24542.66,0,0.0000
2024-11-22,11,5,8458.83,117777.44,126236.28,0.00,0.00,100000.00,1693.61,1.3599,1.2623627642,-13.0520,24149.20,2087.08,26236.28,0,0.0000
2024-11-25,12,5,2880.00,125370.95,128250.95,0.00,0.00,100000.00,2014.67,1.5960,1.2825094769,-11.6644,30264.98,-2014.03,28250.95,0,0.0000
2024-11-26,12,5,2880.00,122806.52,125686.51,0.00,0.00,100000.00,-2564.44,-1.9995,1.2568651086,-13.4307,30264.98,-4578.47,25686.51,0,0.0000
2024-11-27,12,5,2880.00,123016.10,125896.10,0.00,0.00,100000.00,209.58,0.1668,1.2589609546,-13.2863,30264.98,-4368.89,25896.10,0,0.0000
2024-11-28,12,5,2880.00,124133.39,127013.39,0.00,0.00,100000.00,1117.29,0.8875,1.2701338678,-12.5168,30264.98,-3251.59,27013.39,0,0.0000
2024-11-29,12,5,2880.00,126260.87,129140.86,0.00,0.00,100000.00,2127.47,1.6750,1.2914086151,-11.0514,30264.98,-1124.12,29140.86,0,0.0000
2024-12-02,12,5,2880.00,125902.58,128782.58,0.00,0.00,100000.00,-358.28,-0.2774,1.2878257733,-11.2982,30264.98,-1482.40,28782.58,0,0.0000
2024-12-03,12,5,2880.00,126279.04,129159.03,0.00,0.00,100000.00,376.46,0.2923,1.2915903418,-11.0389,30264.98,-1105.95,29159.03,0,0.0000
2024-12-04,12,5,2880.00,126546.44,129426.44,0.00,0.00,100000.00,267.40,0.2070,1.2942643908,-10.8547,30264.98,-838.54,29426.44,0,0.0000
2024-12-05,12,5,2880.00,129505.57,132385.57,0.00,0.00,100000.00,2959.13,2.2863,1.3238556884,-8.8166,30264.98,2120.59,32385.57,0,0.0000
2024-12-06,12,5,2880.00,131635.77,134515.77,0.00,0.00,100000.00,2130.20,1.6091,1.3451576739,-7.3494,30264.98,4250.79,34515.77,0,0.0000
2024-12-09,12,5,2880.00,134474.27,137354.27,0.00,0.00,100000.00,2838.50,2.1102,1.3735426703,-5.3943,30264.98,7089.29,37354.27,0,0.0000
2024-12-10,12,5,2880.00,134242.23,137122.23,0.00,0.00,100000.00,-232.04,-0.1689,1.3712222790,-5.5541,30264.98,6857.25,37122.23,0,0.0000
2024-12-11,12,5,2880.00,134871.52,137751.51,0.00,0.00,100000.00,629.29,0.4589,1.3775151434,-5.1207,30264.98,7486.53,37751.51,0,0.0000
2024-12-12,12,5,2880.00,135948.85,138828.85,0.00,0.00,100000.00,1077.33,0.7821,1.3882884747,-4.3786,30264.98,8563.87,38828.85,0,0.0000
2024-12-13,12,5,2880.00,135678.75,138558.75,0.00,0.00,100000.00,-270.10,-0.1946,1.3855874792,-4.5647,30264.98,8293.77,38558.75,0,0.0000
2024-12-16,12,5,2880.00,135717.78,138597.77,0.00,0.00,100000.00,39.03,0.0282,1.3859777429,-4.5378,30264.98,8332.79,38597.77,0,0.0000
2024-12-17,12,5,2880.00,136065.76,138945.75,0.00,0.00,100000.00,347.98,0.2511,1.3894575317,-4.2981,30264.98,8680.77,38945.75,0,0.0000
2024-12-18,12,5,2880.00,136607.58,139487.57,0.00,0.00,100000.00,541.82,0.3900,1.3948757422,-3.9249,30264.98,9222.59,39487.57,0,0.0000
2024-12-19,12,5,2880.00,137059.85,139939.85,0.00,0.00,100000.00,452.27,0.3242,1.3993984582,-3.6134,30264.98,9674.87,39939.85,0,0.0000
2024-12-20,12,5,2880.00,133737.45,136617.45,0.00,0.00,100000.00,-3322.40,-2.3742,1.3661744500,-5.9018,30264.98,6352.46,36617.45,0,0.0000
2024-12-23,13,5,13220.67,122919.97,136140.64,0.00,0.00,100000.00,-476.81,-0.3490,1.3614063807,-6.2302,28720.48,7420.16,36140.64,0,0.0000
2024-12-24,13,5,13220.67,122993.72,136214.39,0.00,0.00,100000.00,73.75,0.0542,1.3621438941,-6.1794,28720.48,7493.91,36214.39,0,0.0000
2024-12-26,13,5,13220.67,123845.63,137066.30,0.00,0.00,100000.00,851.91,0.6254,1.3706630262,-5.5926,28720.48,8345.82,37066.30,0,0.0000
2024-12-27,13,5,13220.67,122336.53,135557.20,0.00,0.00,100000.00,-1509.11,-1.1010,1.3555719642,-6.6321,28720.48,6836.72,35557.20,0,0.0000
2024-12-30,13,5,13220.67,124751.52,137972.18,0.00,0.00,100000.00,2414.99,1.7815,1.3797218482,-4.9687,28720.48,9251.70,37972.18,0,0.0000
2024-12-31,13,5,13220.67,123738.99,136959.66,0.00,0.00,100000.00,-1012.52,-0.7339,1.3695966077,-5.6661,28720.48,8239.18,36959.66,0,0.0000
2025-01-01,13,5,13220.67,124170.33,137391.00,0.00,0.00,100000.00,431.34,0.3149,1.3739099635,-5.3690,28720.48,8670.52,37391.00,0,0.0000
2025-01-02,13,5,13220.67,125398.80,138619.47,0.00,0.00,100000.00,1228.47,0.8941,1.3861947083,-4.5228,28720.48,9898.99,38619.47,0,0.0000
2025-01-03,13,5,13220.67,125267.85,138488.52,0.00,0.00,100000.00,-130.95,-0.0945,1.3848852247,-4.6130,28720.48,9768.04,38488.52,0,0.0000
2025-01-06,13,5,13220.67,122234.49,135455.16,0.00,0.00,100000.00,-3033.36,-2.1903,1.3545516187,-6.7023,28720.48,6734.68,35455.16,0,0.0000
2025-01-07,13,5,13220.67,124834.20,138054.87,0.00,0.00,100000.00,2599.71,1.9192,1.3805487476,-4.9117,28720.48,9334.39,38054.87,0,0.0000
2025-01-08,13,5,13220.67,122354.09,135574.76,0.00,0.00,100000.00,-2480.11,-1.7965,1.3557476319,-6.6200,28720.48,6854.28,35574.76,0,0.0000
2025-01-09,13,5,13220.67,120510.10,133730.77,0.00,0.00,100000.00,-1843.99,-1.3601,1.3373077003,-7.8900,28720.48,5010.29,33730.77,0,0.0000
2025-01-10,13,5,13220.67,117790.21,131010.88,0.00,0.00,100000.00,-2719.89,-2.0339,1.3101088111,-9.7634,28720.48,2290.40,31010.88,0,0.0000
2025-01-13,13,5,13220.67,112288.22,125508.89,0.00,0.00,100000.00,-5501.99,-4.1996,1.2550889173,-13.5530,28720.48,-3211.59,25508.89,0,0.0000
2025-01-14,13,5,13220.67,113727.40,126948.07,0.00,0.00,100000.00,1439.18,1.1467,1.2694806898,-12.5618,28720.48,-1772.41,26948.07,0,0.0000
2025-01-15,13,5,13220.67,115451.59,128672.26,0.00,0.00,100000.00,1724.19,1.3582,1.2867225770,-11.3742,28720.48,-48.22,28672.26,0,0.0000
2025-01-16,13,5,13220.67,117019.20,130239.87,0.00,0.00,100000.00,1567.61,1.2183,1.3023987086,-10.2945,28720.48,1519.39,30239.87,0,0.0000
2025-01-17,13,5,13220.67,117462.29,130682.96,0.00,0.00,100000.00,443.08,0.3402,1.3068295570,-9.9893,28720.48,1962.47,30682.96,0,0.0000
2025-01-20,13,5,13220.67,119372.80,132593.47,0.00,0.00,100000.00,1910.51,1.4619,1.3259346888,-8.6734,28720.48,3872.99,32593.47,0,0.0000
2025-01-21,14,5,11818.65,116099.59,127918.24,0.00,0.00,100000.00,-4675.23,-3.5260,1.2791824000,-11.8936,29922.83,-2004.59,27918.24,0,0.0000
2025-01-22,14,5,11818.65,114844.35,126663.00,0.00,0.00,100000.00,-1255.24,-0.9813,1.2666300123,-12.7581,29922.83,-3259.83,26663.00,0,0.0000
2025-01-23,14,5,11818.65,119797.06,131615.71,0.00,0.00,100000.00,4952.71,3.9101,1.3161570711,-9.3468,29922.83,1692.88,31615.71,0,0.0000
2025-01-24,14,5,11818.65,118737.79,130556.44,0.00,0.00,100000.00,-1059.27,-0.8048,1.3055644142,-10.0764,29922.83,633.61,30556.44,0,0.0000
2025-01-27,14,5,11818.65,114269.49,126088.14,0.00,0.00,100000.00,-4468.30,-3.4225,1.2608813759,-13.1541,29922.83,-3834.69,26088.14,0,0.0000
2025-01-28,14,5,11818.65,110111.61,121930.26,0.00,0.00,100000.00,-4157.88,-3.2976,1.2193026109,-16.0179,29922.83,-7992.57,21930.26,0,0.0000
2025-01-29,14,5,11818.65,112295.00,124113.65,0.00,0.00,100000.00,2183.39,1.7907,1.2411364809,-14.5140,29922.83,-5809.18,24113.65,0,0.0000
2025-01-30,14,5,11818.65,111066.72,122885.37,0.00,0.00,100000.00,-1228.28,-0.9896,1.2288537153,-15.3600,29922.83,-7037.46,22885.37,0,0.0000
2025-01-31,14,5,11818.65,113050.08,124868.73,0.00,0.00,100000.00,1983.36,1.6140,1.2486872868,-13.9940,29922.83,-5054.10,24868.73,0,0.0000
2025-02-01,14,5,11818.65,113225.51,125044.16,0.00,0.00,100000.00,175.43,0.1405,1.2504415883,-13.8731,29922.83,-4878.67,25044.16,0,0.0000
2025-02-03,14,5,11818.65,113673.06,125491.71,0.00,0.00,100000.00,447.55,0.3579,1.2549171104,-13.5649,29922.83,-4431.12,25491.71,0,0.0000
2025-02-04,14,5,11818.65,116603.15,128421.80,0.00,0.00,100000.00,2930.09,2.3349,1.2842179704,-11.5467,29922.83,-1501.03,28421.80,0,0.0000
2025-02-05,14,5,11818.65,118413.42,130232.08,0.00,0.00,100000.00,1810.28,1.4096,1.3023207658,-10.2998,29922.83,309.25,30232.08,0,0.0000
2025-02-06,14,5,11818.65,115485.31,127303.96,0.00,0.00,100000.00,-2928.11,-2.2484,1.2730396355,-12.3166,29922.83,-2618.87,27303.96,0,0.0000
2025-02-07,14,5,11818.65,117577.19,129395.84,0.00,0.00,100000.00,2091.88,1.6432,1.2939584007,-10.8758,29922.83,-526.99,29395.84,0,0.0000
2025-02-10,14,5,11818.65,113553.04,125371.69,0.00,0.00,100000.00,-4024.15,-3.1100,1.2537169246,-13.6475,29922.83,-4551.14,25371.69,0,0.0000
2025-02-11,14,5,11818.65,108364.93,120183.58,0.00,0.00,100000.00,-5188.11,-4.1382,1.2018357805,-17.2210,29922.83,-9739.25,20183.58,0,0.0000
2025-02-12,14,5,11818.65,109350.18,121168.83,0.00,0.00,100000.00,985.25,0.8198,1.2116883201,-16.5424,29922.83,-8754.00,21168.83,0,0.0000
2025-02-13,14,5,11818.65,108630.00,120448.65,0.00,0.00,100000.00,-720.18,-0.5944,1.2044865202,-17.0384,29922.83,-9474.18,20448.65,0,0.0000
2025-02-14,14,5,11818.65,106408.41,118227.06,0.00,0.00,100000.00,-2221.59,-1.8444,1.1822706193,-18.5686,29922.83,-11695.77,18227.06,0,0.0000
2025-02-17,15,5,3650.76,114961.96,118612.72,0.00,0.00,100000.00,385.66,0.3262,1.1861271950,-18.3029,16180.16,2432.56,18612.72,0,0.0000
2025-02-18,15,5,3650.76,115319.22,118969.98,0.00,0.00,100000.00,357.26,0.3012,1.1896997786,-18.0569,16180.16,2789.82,18969.98,0,0.0000
2025-02-19,15,5,3650.76,117878.94,121529.70,0.00,0.00,100000.00,2559.72,2.1516,1.2152969527,-16.2938,16180.16,5349.54,21529.70,0,0.0000
2025-02-20,15,5,3650.76,119481.68,123132.44,0.00,0.00,100000.00,1602.74,1.3188,1.2313243648,-15.1899,16180.16,6952.28,23132.44,0,0.0000
2025-02-21,15,5,3650.76,116564.14,120214.90,0.00,0.00,100000.00,-2917.54,-2.3694,1.2021489583,-17.1994,16180.16,4034.74,20214.90,0,0.0000
2025-02-24,15,5,3650.76,114956.65,118607.41,0.00,0.00,100000.00,-1607.48,-1.3372,1.1860741420,-18.3066,16180.16,2427.26,18607.41,0,0.0000
2025-02-25,15,5,3650.76,115070.63,118721.39,0.00,0.00,100000.00,113.98,0.0961,1.1872139193,-18.2281,16180.16,2541.23,18721.39,0,0.0000
2025-02-27,15,5,3650.76,113877.45,117528.21,0.00,0.00,100000.00,-1193.18,-1.0050,1.1752820717,-19.0499,16180.16,1348.05,17528.21,0,0.0000
2025-02-28,15,5,3650.76,107620.50,111271.26,0.00,0.00,100000.00,-6256.95,-5.3238,1.1127125765,-23.3595,16180.16,-4908.90,11271.26,0,0.0000
2025-03-03,15,5,3650.76,107455.40,111106.16,0.00,0.00,100000.00,-165.10,-0.1484,1.1110615633,-23.4732,16180.16,-5074.00,11106.16,0,0.0000
2025-03-04,15,5,3650.76,107715.54,111366.30,0.00,0.00,100000.00,260.14,0.2341,1.1136629628,-23.2941,16180.16,-4813.86,11366.30,0,0.0000
2025-03-05,15,5,3650.76,108654.93,112305.69,0.00,0.00,100000.00,939.39,0.8435,1.1230568990,-22.6470,16180.16,-3874.47,12305.69,0,0.0000
2025-03-06,15,5,3650.76,108760.11,112410.86,0.00,0.00,100000.00,105.17,0.0937,1.1241086440,-22.5746,16180.16,-3769.29,12410.86,0,0.0000
2025-03-07,15,5,3650.76,108372.31,112023.07,0.00,0.00,100000.00,-387.79,-0.3450,1.1202307277,-22.8417,16180.16,-4157.09,12023.07,0,0.0000
2025-03-10,15,5,3650.76,106766.79,110417.55,0.00,0.00,100000.00,-1605.52,-1.4332,1.1041755312,-23.9475,16180.16,-5762.61,10417.55,0,0.0000
2025-03-11,15,5,3650.76,106635.95,110286.71,0.00,0.00,100000.00,-130.84,-0.1185,1.1028670907,-24.0376,16180.16,-5893.45,10286.71,0,0.0000
2025-03-12,15,5,3650.76,107206.32,110857.07,0.00,0.00,100000.00,570.37,0.5172,1.1085707467,-23.6448,16180.16,-5323.08,10857.07,0,0.0000
2025-03-13,15,5,3650.76,105756.91,109407.67,0.00,0.00,100000.00,-1449.41,-1.3075,1.0940766604,-24.6431,16180.16,-6772.49,9407.67,0,0.0000
2025-03-17,15,5,3650.76,107162.06,110812.82,0.00,0.00,100000.00,1405.15,1.2843,1.1081281991,-23.6753,16180.16,-5367.34,10812.82,0,0.0000
2025-03-18,15,5,3650.76,107162.06,110812.82,0.00,0.00,100000.00,0.00,0.0000,1.1081281991,-23.6753,16180.16,-5367.34,10812.82,0,0.0000
2025-03-19,16,5,6298.24,108091.19,114389.44,0.00,0.00,100000.00,3576.62,3.2276,1.1438943638,-21.2118,8973.61,5415.82,14389.44,0,0.0000
2025-03-20,16,5,6298.24,108220.17,114518.42,0.00,0.00,100000.00,128.98,0.1128,1.1451841502,-21.1230,8973.61,5544.80,14518.42,0,0.0000
2025-03-21,16,5,6298.24,108576.15,114874.39,0.00,0.00,100000.00,355.98,0.3108,1.1487439048,-20.8778,8973.61,5900.78,14874.39,0,0.0000
2025-03-24,16,5,6298.24,109522.13,115820.37,0.00,0.00,100000.00,945.98,0.8235,1.1582036936,-20.2262,8973.61,6846.76,15820.37,0,0.0000
2025-03-25,16,5,6298.24,108870.28,115168.53,0.00,0.00,100000.00,-651.84,-0.5628,1.1516852525,-20.6752,8973.61,6194.91,15168.53,0,0.0000
2025-03-26,16,5,6298.24,108053.54,114351.78,0.00,0.00,100000.00,-816.75,-0.7092,1.1435177915,-21.2377,8973.61,5378.17,14351.78,0,0.0000
2025-03-27,16,5,6298.24,109230.31,115528.55,0.00,0.00,100000.00,1176.77,1.0291,1.1552855210,-20.4272,8973.61,6554.94,15528.55,0,0.0000
2025-03-28,16,5,6298.24,108265.14,114563.39,0.00,0.00,100000.00,-965.17,-0.8354,1.1456338694,-21.0920,8973.61,5589.78,14563.39,0,0.0000
2025-04-01,16,5,6298.24,105810.67,112108.92,0.00,0.00,100000.00,-2454.47,-2.1425,1.1210891648,-22.7826,8973.61,3135.31,12108.92,0,0.0000
2025-04-02,16,5,6298.24,107254.07,113552.31,0.00,0.00,100000.00,1443.40,1.2875,1.1355231419,-21.7884,8973.61,4578.70,13552.31,0,0.0000
2025-04-03,16,5,6298.24,106500.41,112798.65,0.00,0.00,100000.00,-753.66,-0.6637,1.1279865281,-22.3075,8973.61,3825.04,12798.65,0,0.0000
2025-04-04,16,5,6298.24,104363.18,110661.42,0.00,0.00,100000.00,-2137.23,-1.8947,1.1066141990,-23.7796,8973.61,1687.81,10661.42,0,0.0000
2025-04-07,16,5,6298.24,101529.26,107827.50,0.00,0.00,100000.00,-2833.92,-2.5609,1.0782750083,-25.7315,8973.61,-1146.11,7827.50,0,0.0000
2025-04-08,16,5,6298.24,104000.42,110298.67,0.00,0.00,100000.00,2471.17,2.2918,1.1029866734,-24.0294,8973.61,1325.06,10298.67,0,0.0000
2025-04-09,16,5,6298.24,102869.25,109167.49,0.00,0.00,100000.00,-1131.18,-1.0256,1.0916748838,-24.8085,8973.61,193.88,9167.49,0,0.0000
2025-04-11,16,5,6298.24,106440.41,112738.65,0.00,0.00,100000.00,3571.16,3.2713,1.1273864951,-22.3488,8973.61,3765.04,12738.65,0,0.0000
2025-04-15,16,5,6298.24,109130.54,115428.78,0.00,0.00,100000.00,2690.13,2.3862,1.1542877879,-20.4959,8973.61,6455.17,15428.78,0,0.0000
2025-04-16,16,5,6298.24,109119.38,115417.62,0.00,0.00,100000.00,-11.16,-0.0097,1.1541761851,-20.5036,8973.61,6444.01,15417.62,0,0.0000
2025-04-17,16,5,6298.24,109536.64,115834.89,0.00,0.00,100000.00,417.27,0.3615,1.1583488511,-20.2162,8973.61,6861.27,15834.89,0,0.0000
2025-04-21,16,5,6298.24,111225.27,117523.51,0.00,0.00,100000.00,1688.63,1.4578,1.1752351072,-19.0531,8973.61,8549.90,17523.51,0,0.0000
2025-04-22,17,5,6898.21,110631.74,117529.96,0.00,0.00,100000.00,6.44,0.0055,1.1752995507,-19.0487,11636.98,5892.97,17529.96,0,0.0000
2025-04-23,17,5,6898.21,111714.15,118612.36,0.00,0.00,100000.00,1082.41,0.9210,1.1861236438,-18.3032,11636.98,6975.38,18612.36,0,0.0000
2025-04-24,17,5,6898.21,112309.82,119208.04,0.00,0.00,100000.00,595.67,0.5022,1.1920803546,-17.8929,11636.98,7571.05,19208.04,0,0.0000
2025-04-25,17,5,6898.21,109635.06,116533.27,0.00,0.00,100000.00,-2674.77,-2.2438,1.1653326727,-19.7352,11636.98,4896.29,16533.27,0,0.0000
2025-04-28,17,5,6898.21,110691.04,117589.25,0.00,0.00,100000.00,1055.98,0.9062,1.1758924865,-19.0079,11636.98,5952.27,17589.25,0,0.0000
2025-04-29,17,5,6898.21,110291.09,117189.30,0.00,0.00,100000.00,-399.95,-0.3401,1.1718930310,-19.2833,11636.98,5552.32,17189.30,0,0.0000
2025-04-30,17,5,6898.21,108730.52,115628.74,0.00,0.00,100000.00,-1560.57,-1.3317,1.1562873529,-20.3582,11636.98,3991.75,15628.74,0,0.0000
2025-05-02,17,5,6898.21,109657.79,116556.00,0.00,0.00,100000.00,927.27,0.8019,1.1655600183,-19.7195,11636.98,4919.02,16556.00,0,0.0000
2025-05-05,17,5,6898.21,111997.26,118895.47,0.00,0.00,100000.00,2339.46,2.0072,1.1889546649,-18.1082,11636.98,7258.49,18895.47,0,0.0000
2025-05-06,17,5,6898.21,110229.89,117128.10,0.00,0.00,100000.00,-1767.36,-1.4865,1.1712810498,-19.3255,11636.98,5491.12,17128.10,0,0.0000
2025-05-07,17,5,6898.21,110726.84,117625.05,0.00,0.00,100000.00,496.95,0.4243,1.1762505481,-18.9832,11636.98,5988.07,17625.05,0,0.0000
2025-05-08,17,5,6898.21,108051.63,114949.84,0.00,0.00,100000.00,-2675.22,-2.2744,1.1494983758,-20.8258,11636.98,3312.86,14949.84,0,0.0000
2025-05-09,17,5,6898.21,107427.60,114325.81,0.00,0.00,100000.00,-624.03,-0.5429,1.1432580767,-21.2556,11636.98,2688.83,14325.81,0,0.0000
2025-05-12,17,5,6898.21,111895.06,118793.27,0.00,0.00,100000.00,4467.46,3.9077,1.1879327020,-18.1786,11636.98,7156.29,18793.27,0,0.0000
2025-05-13,17,5,6898.21,112277.07,119175.28,0.00,0.00,100000.00,382.01,0.3216,1.1917528222,-17.9155,11636.98,7538.30,19175.28,0,0.0000
2025-05-14,17,5,6898.21,111808.36,118706.57,0.00,0.00,100000.00,-468.71,-0.3933,1.1870657391,-18.2383,11636.98,7069.59,18706.57,0,0.0000
2025-05-15,17,5,6898.21,113271.79,120170.00,0.00,0.00,100000.00,1463.42,1.2328,1.2016999768,-17.2303,11636.98,8533.02,20170.00,0,0.0000
2025-05-16,17,5,6898.21,112208.74,119106.95,0.00,0.00,100000.00,-1063.05,-0.8846,1.1910694921,-17.9625,11636.98,7469.97,19106.95,0,0.0000
2025-05-19,17,5,6898.21,112047.95,118946.16,0.00,0.00,100000.00,-160.79,-0.1350,1.1894616156,-18.0733,11636.98,7309.18,18946.16,0,0.0000
2025-05-20,17,5,6898.21,111009.23,117907.44,0.00,0.00,100000.00,-1038.72,-0.8733,1.1790743988,-18.7887,11636.98,6270.46,17907.44,0,0.0000
2025-05-21,18,5,5136.46,113715.65,118852.11,0.00,0.00,100000.00,944.67,0.8012,1.1885211104,-18.1380,11446.68,7405.43,18852.11,0,0.0000
2025-05-22,18,5,5136.46,112585.07,117721.53,0.00,0.00,100000.00,-1130.58,-0.9512,1.1772153059,-18.9168,11446.68,6274.85,17721.53,0,0.0000
2025-05-23,18,5,5136.46,113566.75,118703.21,0.00,0.00,100000.00,981.68,0.8339,1.1870320820,-18.2406,11446.68,7256.52,18703.21,0,0.0000
2025-05-26,18,5,5136.46,112881.27,118017.73,0.00,0.00,100000.00,-685.47,-0.5775,1.1801773408,-18.7127,11446.68,6571.05,18017.73,0,0.0000
2025-05-27,18,5,5136.46,112406.95,117543.41,0.00,0.00,100000.00,-474.32,-0.4019,1.1754341206,-19.0394,11446.68,6096.73,17543.41,0,0.0000
2025-05-28,18,5,5136.46,112414.36,117550.82,0.00,0.00,100000.00,7.41,0.0063,1.1755082234,-19.0343,11446.68,6104.14,17550.82,0,0.0000
2025-05-29,18,5,5136.46,113488.17,118624.64,0.00,0.00,100000.00,1073.81,0.9135,1.1862463569,-18.2947,11446.68,7177.95,18624.64,0,0.0000
2025-05-30,18,5,5136.46,116770.05,121906.51,0.00,0.00,100000.00,3281.87,2.7666,1.2190650801,-16.0343,11446.68,10459.82,21906.51,0,0.0000
2025-06-02,18,5,5136.46,115881.41,121017.87,0.00,0.00,100000.00,-888.63,-0.7289,1.2101787483,-16.6463,11446.68,9571.19,21017.87,0,0.0000
2025-06-03,18,5,5136.46,117244.61,122381.07,0.00,0.00,100000.00,1363.20,1.1264,1.2238107222,-15.7074,11446.68,10934.39,22381.07,0,0.0000
2025-06-04,18,5,5136.46,118070.63,123207.09,0.00,0.00,100000.00,826.02,0.6750,1.2320708784,-15.1385,11446.68,11760.40,23207.09,0,0.0000
2025-06-05,18,5,5136.46,119586.73,124723.19,0.00,0.00,100000.00,1516.10,1.2305,1.2472319002,-14.0942,11446.68,13276.51,24723.19,0,0.0000
2025-06-06,18,5,5136.46,119393.48,124529.94,0.00,0.00,100000.00,-193.25,-0.1549,1.2452994429,-14.2273,11446.68,13083.26,24529.94,0,0.0000
2025-06-09,18,5,5136.46,121388.86,126525.32,0.00,0.00,100000.00,1995.37,1.6023,1.2652531819,-12.8530,11446.68,15078.63,26525.32,0,0.0000
2025-06-10,18,5,5136.46,120941.73,126078.19,0.00,0.00,100000.00,-447.13,-0.3534,1.2607819148,-13.1609,11446.68,14631.51,26078.19,0,0.0000
2025-06-11,18,5,5136.46,118853.57,123990.03,0.00,0.00,100000.00,-2088.16,-1.6562,1.2399002962,-14.5992,11446.68,12543.35,23990.03,0,0.0000
2025-06-12,18,5,5136.46,116790.56,121927.02,0.00,0.00,100000.00,-2063.01,-1.6639,1.2192701729,-16.0201,11446.68,10480.33,21927.02,0,0.0000
2025-06-13,18,5,5136.46,116305.95,121442.41,0.00,0.00,100000.00,-484.60,-0.3975,1.2144241328,-16.3539,11446.68,9995.73,21442.41,0,0.0000
2025-06-16,18,5,5136.46,116349.92,121486.38,0.00,0.00,100000.00,43.97,0.0362,1.2148638374,-16.3236,11446.68,10039.70,21486.38,0,0.0000
2025-06-17,18,5,5136.46,115701.66,120838.12,0.00,0.00,100000.00,-648.26,-0.5336,1.2083812080,-16.7701,11446.68,9391.44,20838.12,0,0.0000
2025-06-18,19,5,5562.90,114298.99,119861.89,0.00,0.00,100000.00,-976.23,-0.8079,1.1986188947,-17.4425,16112.04,3749.85,19861.89,0,0.0000
2025-06-19,19,5,5562.90,112453.83,118016.73,0.00,0.00,100000.00,-1845.16,-1.5394,1.1801672833,-18.7134,16112.04,1904.69,18016.73,0,0.0000
2025-06-20,19,5,5562.90,113974.98,119537.88,0.00,0.00,100000.00,1521.15,1.2889,1.1953787712,-17.6657,16112.04,3425.84,19537.88,0,0.0000
2025-06-23,19,5,5562.90,115722.20,121285.10,0.00,0.00,100000.00,1747.23,1.4616,1.2128510237,-16.4623,16112.04,5173.06,21285.10,0,0.0000
2025-06-24,19,5,5562.90,115200.05,120762.95,0.00,0.00,100000.00,-522.15,-0.4305,1.2076294860,-16.8219,16112.04,4650.91,20762.95,0,0.0000
2025-06-25,19,5,5562.90,114738.81,120301.71,0.00,0.00,100000.00,-461.24,-0.3819,1.2030170674,-17.1396,16112.04,4189.67,20301.71,0,0.0000
2025-06-26,19,5,5562.90,116556.26,122119.16,0.00,0.00,100000.00,1817.46,1.5108,1.2211916484,-15.8878,16112.04,6007.12,22119.16,0,0.0000
2025-06-27,19,5,5562.90,118608.63,124171.53,0.00,0.00,100000.00,2052.37,1.6806,1.2417153348,-14.4742,16112.04,8059.49,24171.53,0,0.0000
2025-06-30,19,5,5562.90,119450.44,125013.34,0.00,0.00,100000.00,841.81,0.6779,1.2501334249,-13.8944,16112.04,8901.30,25013.34,0,0.0000
2025-07-01,19,5,5562.90,119678.77,125241.67,0.00,0.00,100000.00,228.33,0.1826,1.2524167343,-13.7371,16112.04,9129.63,25241.67,0,0.0000
2025-07-02,19,5,5562.90,119210.98,124773.88,0.00,0.00,100000.00,-467.79,-0.3735,1.2477388343,-14.0593,16112.04,8661.84,24773.88,0,0.0000
2025-07-03,19,5,5562.90,119483.27,125046.17,0.00,0.00,100000.00,272.29,0.2182,1.2504616878,-13.8718,16112.04,8934.13,25046.17,0,0.0000
2025-07-04,19,5,5562.90,117605.74,123168.64,0.00,0.00,100000.00,-1877.53,-1.5015,1.2316864061,-15.1649,16112.04,7056.60,23168.64,0,0.0000
2025-07-07,19,5,5562.90,116765.52,122328.42,0.00,0.00,100000.00,-840.22,-0.6822,1.2232842187,-15.7437,16112.04,6216.38,22328.42,0,0.0000
2025-07-08,19,5,5562.90,115080.46,120643.36,0.00,0.00,100000.00,-1685.06,-1.3775,1.2064336349,-16.9043,16112.04,4531.32,20643.36,0,0.0000
2025-07-09,19,5,5562.90,116331.78,121894.68,0.00,0.00,100000.00,1251.32,1.0372,1.2189468425,-16.0424,16112.04,5782.64,21894.68,0,0.0000
2025-07-10,19,5,5562.90,114325.97,119888.87,0.00,0.00,100000.00,-2005.81,-1.6455,1.1988887419,-17.4240,16112.04,3776.83,19888.87,0,0.0000
2025-07-11,19,5,5562.90,112081.57,117644.47,0.00,0.00,100000.00,-2244.40,-1.8721,1.1764447045,-18.9698,16112.04,1532.43,17644.47,0,0.0000
2025-07-14,19,5,5562.90,113957.20,119520.10,0.00,0.00,100000.00,1875.63,1.5943,1.1952010087,-17.6780,16112.04,3408.06,19520.10,0,0.0000
2025-07-15,19,5,5562.90,115831.41,121394.31,0.00,0.00,100000.00,1874.21,1.5681,1.2139430862,-16.3871,16112.04,5282.27,21394.31,0,0.0000
2025-07-16,20,5,4929.52,116106.72,121036.24,0.00,0.00,100000.00,-358.07,-0.2950,1.2103623680,-16.6337,18476.10,2560.13,21036.24,0,0.0000
2025-07-17,20,5,4929.52,114733.12,119662.63,0.00,0.00,100000.00,-1373.60,-1.1349,1.1966263334,-17.5798,18476.10,1186.53,19662.63,0,0.0000
2025-07-18,20,5,4929.52,113541.26,118470.77,0.00,0.00,100000.00,-1191.86,-0.9960,1.1847077198,-18.4007,18476.10,-5.33,18470.77,0,0.0000
2025-07-21,20,5,4929.52,113553.22,118482.74,0.00,0.00,100000.00,11.97,0.0101,1.1848274021,-18.3925,18476.10,6.64,18482.74,0,0.0000
2025-07-22,20,5,4929.52,113524.89,118454.41,0.00,0.00,100000.00,-28.33,-0.0239,1.1845441075,-18.4120,18476.10,-21.69,18454.41,0,0.0000
2025-07-23,20,5,4929.52,113238.50,118168.01,0.00,0.00,100000.00,-286.40,-0.2418,1.1816801329,-18.6092,18476.10,-308.09,18168.01,0,0.0000
2025-07-24,20,5,4929.52,111722.55,116652.07,0.00,0.00,100000.00,-1515.95,-1.2829,1.1665206794,-19.6534,18476.10,-1824.04,16652.07,0,0.0000
2025-07-25,20,5,4929.52,110147.82,115077.34,0.00,0.00,100000.00,-1574.73,-1.3499,1.1507734101,-20.7380,18476.10,-3398.76,15077.34,0,0.0000
2025-07-28,20,5,4929.52,108170.74,113100.26,0.00,0.00,100000.00,-1977.08,-1.7180,1.1310025685,-22.0998,18476.10,-5375.85,13100.26,0,0.0000
2025-07-29,20,5,4929.52,109127.46,114056.98,0.00,0.00,100000.00,956.72,0.8459,1.1405697767,-21.4408,18476.10,-4419.13,14056.98,0,0.0000
2025-07-30,20,5,4929.52,109970.47,114899.99,0.00,0.00,100000.00,843.01,0.7391,1.1489998576,-20.8602,18476.10,-3576.12,14899.99,0,0.0000
2025-07-31,20,5,4929.52,108682.87,113612.38,0.00,0.00,100000.00,-1287.60,-1.1206,1.1361238499,-21.7470,18476.10,-4863.72,13612.38,0,0.0000
2025-08-01,20,5,4929.52,105780.04,110709.55,0.00,0.00,100000.00,-2902.83,-2.5550,1.1070955177,-23.7464,18476.10,-7766.55,10709.55,0,0.0000
2025-08-04,20,5,4929.52,108235.52,113165.03,0.00,0.00,100000.00,2455.48,2.2179,1.1316503346,-22.0551,18476.10,-5311.07,13165.03,0,0.0000
2025-08-05,20,5,4929.52,109905.74,114835.26,0.00,0.00,100000.00,1670.22,1.4759,1.1483525825,-20.9047,18476.10,-3640.85,14835.26,0,0.0000
2025-08-06,20,5,4929.52,111225.92,116155.43,0.00,0.00,100000.00,1320.17,1.1496,1.1615543324,-19.9954,18476.10,-2320.67,16155.43,0,0.0000
2025-08-07,20,5,4929.52,109854.88,114784.40,0.00,0.00,100000.00,-1371.03,-1.1803,1.1478440019,-20.9398,18476.10,-3691.70,14784.40,0,0.0000
2025-08-08,20,5,4929.52,107444.39,112373.91,0.00,0.00,100000.00,-2410.49,-2.1000,1.1237391114,-22.6000,18476.10,-6102.19,12373.91,0,0.0000
2025-08-11,20,5,4929.52,108623.41,113552.93,0.00,0.00,100000.00,1179.02,1.0492,1.1355292872,-21.7880,18476.10,-4923.18,13552.93,0,0.0000
2025-08-12,20,5,4929.52,108233.85,113163.37,0.00,0.00,100000.00,-389.56,-0.3431,1.1316336924,-22.0563,18476.10,-5312.73,13163.37,0,0.0000
2025-08-13,21,5,2686.17,113402.21,116088.38,0.00,0.00,100000.00,2925.01,2.5848,1.1608837823,-20.0416,14465.29,1623.09,16088.38,0,0.0000
2025-08-14,21,5,2686.17,112054.81,114740.98,0.00,0.00,100000.00,-1347.40,-1.1607,1.1474097539,-20.9697,14465.29,275.69,14740.98,0,0.0000
2025-08-18,21,5,2686.17,112587.59,115273.76,0.00,0.00,100000.00,532.78,0.4643,1.1527375530,-20.6027,14465.29,808.47,15273.76,0,0.0000
2025-08-19,21,5,2686.17,113367.09,116053.26,0.00,0.00,100000.00,779.50,0.6762,1.1605325963,-20.0658,14465.29,1587.97,16053.26,0,0.0000
2025-08-20,21,5,2686.17,113550.09,116236.26,0.00,0.00,100000.00,183.00,0.1577,1.1623626427,-19.9398,14465.29,1770.98,16236.26,0,0.0000
2025-08-21,21,5,2686.17,111641.70,114327.87,0.00,0.00,100000.00,-1908.39,-1.6418,1.1432787084,-21.2542,14465.29,-137.42,14327.87,0,0.0000
2025-08-22,21,5,2686.17,111609.25,114295.42,0.00,0.00,100000.00,-32.45,-0.0284,1.1429542266,-21.2766,14465.29,-169.87,14295.42,0,0.0000
2025-08-25,21,5,2686.17,111347.99,114034.16,0.00,0.00,100000.00,-261.26,-0.2286,1.1403415819,-21.4565,14465.29,-431.13,14034.16,0,0.0000
2025-08-26,21,5,2686.17,109375.10,112061.27,0.00,0.00,100000.00,-1972.89,-1.7301,1.1206126629,-22.8154,14465.29,-2404.02,12061.27,0,0.0000
2025-08-28,21,5,2686.17,107877.06,110563.23,0.00,0.00,100000.00,-1498.03,-1.3368,1.1056323290,-23.8472,14465.29,-3902.06,10563.23,0,0.0000
2025-08-29,21,5,2686.17,108243.46,110929.63,0.00,0.00,100000.00,366.40,0.3314,1.1092962926,-23.5948,14465.29,-3535.66,10929.63,0,0.0000
2025-09-01,21,5,2686.17,110500.17,113186.34,0.00,0.00,100000.00,2256.71,2.0344,1.1318633733,-22.0405,14465.29,-1278.95,13186.34,0,0.0000
2025-09-02,21,5,2686.17,109812.16,112498.33,0.00,0.00,100000.00,-688.01,-0.6079,1.1249832976,-22.5143,14465.29,-1966.96,12498.33,0,0.0000
2025-09-03,21,5,2686.17,111700.24,114386.41,0.00,0.00,100000.00,1888.08,1.6783,1.1438640960,-21.2139,14465.29,-78.88,14386.41,0,0.0000
2025-09-04,21,5,2686.17,110113.54,112799.71,0.00,0.00,100000.00,-1586.70,-1.3871,1.1279970544,-22.3068,14465.29,-1665.58,12799.71,0,0.0000
2025-09-05,21,5,2686.17,109864.67,112550.84,0.00,0.00,100000.00,-248.86,-0.2206,1.1255084075,-22.4782,14465.29,-1914.45,12550.84,0,0.0000
2025-09-08,21,5,2686.17,110243.34,112929.51,0.00,0.00,100000.00,378.67,0.3364,1.1292950957,-22.2174,14465.29,-1535.78,12929.51,0,0.0000
2025-09-09,21,5,2686.17,110117.12,112803.29,0.00,0.00,100000.00,-126.22,-0.1118,1.1280329296,-22.3043,14465.29,-1662.00,12803.29,0,0.0000
2025-09-10,21,5,2686.17,110863.66,113549.83,0.00,0.00,100000.00,746.54,0.6618,1.1354983111,-21.7901,14465.29,-915.46,13549.83,0,0.0000
2025-09-11,21,5,2686.17,110762.20,113448.37,0.00,0.00,100000.00,-101.46,-0.0894,1.1344836614,-21.8600,14465.29,-1016.92,13448.37,0,0.0000
2025-09-12,22,5,4531.51,108914.84,113446.35,0.00,0.00,100000.00,-2.02,-0.0018,1.1344635047,-21.8614,12558.95,887.40,13446.35,0,0.0000
2025-09-15,22,5,4531.51,109130.13,113661.64,0.00,0.00,100000.00,215.29,0.1898,1.1366163889,-21.7131,12558.95,1102.69,13661.64,0,0.0000
2025-09-16,22,5,4531.51,109816.82,114348.33,0.00,0.00,100000.00,686.69,0.6042,1.1434832835,-21.2401,12558.95,1789.38,14348.33,0,0.0000
2025-09-17,22,5,4531.51,109744.07,114275.58,0.00,0.00,100000.00,-72.74,-0.0636,1.1427558476,-21.2902,12558.95,1716.63,14275.58,0,0.0000
2025-09-18,22,5,4531.51,111630.14,116161.65,0.00,0.00,100000.00,1886.07,1.6505,1.1616165308,-19.9912,12558.95,3602.70,16161.65,0,0.0000
2025-09-19,22,5,4531.51,111980.16,116511.67,0.00,0.00,100000.00,350.02,0.3013,1.1651167497,-19.7501,12558.95,3952.72,16511.67,0,0.0000
2025-09-22,22,5,4531.51,111312.24,115843.75,0.00,0.00,100000.00,-667.93,-0.5733,1.1584374732,-20.2101,12558.95,3284.80,15843.75,0,0.0000
2025-09-23,22,5,4531.51,110879.35,115410.86,0.00,0.00,100000.00,-432.89,-0.3737,1.1541086018,-20.5083,12558.95,2851.91,15410.86,0,0.0000
2025-09-24,22,5,4531.51,110609.50,115141.02,0.00,0.00,100000.00,-269.85,-0.2338,1.1514101511,-20.6941,12558.95,2582.06,15141.02,0,0.0000
2025-09-25,22,5,4531.51,109817.98,114349.49,0.00,0.00,100000.00,-791.52,-0.6874,1.1434949406,-21.2393,12558.95,1790.54,14349.49,0,0.0000
2025-09-26,22,5,4531.51,107373.16,111904.67,0.00,0.00,100000.00,-2444.82,-2.1380,1.1190467136,-22.9232,12558.95,-654.28,11904.67,0,0.0000
2025-09-29,22,5,4531.51,108907.86,113439.37,0.00,0.00,100000.00,1534.70,1.3714,1.1343936781,-21.8662,12558.95,880.42,13439.37,0,0.0000
2025-09-30,22,5,4531.51,109531.26,114062.77,0.00,0.00,100000.00,623.40,0.5495,1.1406277036,-21.4368,12558.95,1503.82,14062.77,0,0.0000
2025-10-01,22,5,4531.51,111165.72,115697.23,0.00,0.00,100000.00,1634.46,1.4329,1.1569723203,-20.3110,12558.95,3138.28,15697.23,0,0.0000
2025-10-03,22,5,4531.51,112913.49,117445.00,0.00,0.00,100000.00,1747.77,1.5106,1.1744499864,-19.1072,12558.95,4886.05,17445.00,0,0.0000
2025-10-06,22,5,4531.51,113216.97,117748.48,0.00,0.00,100000.00,303.48,0.2584,1.1774847956,-18.8982,12558.95,5189.53,17748.48,0,0.0000
2025-10-07,22,5,4531.51,113024.38,117555.89,0.00,0.00,100000.00,-192.58,-0.1636,1.1755589472,-19.0308,12558.95,4996.94,17555.89,0,0.0000
2025-10-08,22,5,4531.51,111616.42,116147.93,0.00,0.00,100000.00,-1407.96,-1.1977,1.1614793446,-20.0006,12558.95,3588.98,16147.93,0,0.0000
2025-10-09,22,5,4531.51,112053.12,116584.64,0.00,0.00,100000.00,436.70,0.3760,1.1658463529,-19.6998,12558.95,4025.68,16584.64,0,0.0000
2025-10-10,22,5,4531.51,111593.99,116125.50,0.00,0.00,100000.00,-459.13,-0.3938,1.1612550199,-20.0161,12558.95,3566.55,16125.50,0,0.0000
2025-10-13,23,5,8744.15,109084.76,117828.90,0.00,0.00,100000.00,1703.40,1.4669,1.1782890239,-18.8428,13296.15,4532.75,17828.90,0,0.0000
2025-10-14,23,5,8744.15,108135.16,116879.31,0.00,0.00,100000.00,-949.60,-0.8059,1.1687930626,-19.4969,13296.15,3583.16,16879.31,0,0.0000
2025-10-15,23,5,8744.15,109579.52,118323.66,0.00,0.00,100000.00,1444.36,1.2358,1.1832366395,-18.5020,13296.15,5027.52,18323.66,0,0.0000
2025-10-16,23,5,8744.15,108943.21,117687.36,0.00,0.00,100000.00,-636.30,-0.5378,1.1768736012,-18.9403,13296.15,4391.21,17687.36,0,0.0000
2025-10-17,23,5,8744.15,107807.42,116551.57,0.00,0.00,100000.00,-1135.79,-0.9651,1.1655156846,-19.7226,13296.15,3255.42,16551.57,0,0.0000
2025-10-20,23,5,8744.15,108517.09,117261.24,0.00,0.00,100000.00,709.67,0.6089,1.1726123634,-19.2338,13296.15,3965.09,17261.24,0,0.0000
2025-10-21,23,5,8744.15,108412.25,117156.40,0.00,0.00,100000.00,-104.84,-0.0894,1.1715639921,-19.3060,13296.15,3860.25,17156.40,0,0.0000
2025-10-23,23,5,8744.15,106410.97,115155.12,0.00,0.00,100000.00,-2001.28,-1.7082,1.1515511573,-20.6844,13296.15,1858.97,15155.12,0,0.0000
2025-10-24,23,5,8744.15,105909.96,114654.10,0.00,0.00,100000.00,-501.01,-0.4351,1.1465410286,-21.0295,13296.15,1357.95,14654.10,0,0.0000
2025-10-27,23,5,8744.15,107283.17,116027.32,0.00,0.00,100000.00,1373.21,1.1977,1.1602731639,-20.0837,13296.15,2731.17,16027.32,0,0.0000
2025-10-28,23,5,8744.15,107000.49,115744.64,0.00,0.00,100000.00,-282.68,-0.2436,1.1574463588,-20.2784,13296.15,2448.49,15744.64,0,0.0000
2025-10-29,23,5,8744.15,107179.89,115924.03,0.00,0.00,100000.00,179.40,0.1550,1.1592403175,-20.1548,13296.15,2627.88,15924.03,0,0.0000
2025-10-30,23,5,8744.15,107248.73,115992.88,0.00,0.00,100000.00,68.85,0.0594,1.1599287852,-20.1074,13296.15,2696.73,15992.88,0,0.0000
2025-10-31,23,5,8744.15,105824.44,114568.59,0.00,0.00,100000.00,-1424.29,-1.2279,1.1456858821,-21.0884,13296.15,1272.44,14568.59,0,0.0000
2025-11-03,23,5,8744.15,106373.51,115117.66,0.00,0.00,100000.00,549.07,0.4792,1.1511765629,-20.7102,13296.15,1821.51,15117.66,0,0.0000
2025-11-04,23,5,8744.15,105083.79,113827.93,0.00,0.00,100000.00,-1289.72,-1.1204,1.1382793327,-21.5986,13296.15,531.78,13827.93,0,0.0000
2025-11-06,23,5,8744.15,104111.62,112855.77,0.00,0.00,100000.00,-972.17,-0.8541,1.1285576732,-22.2682,13296.15,-440.38,12855.77,0,0.0000
2025-11-07,23,5,8744.15,106790.19,115534.34,0.00,0.00,100000.00,2678.57,2.3734,1.1553433885,-20.4232,13296.15,2238.19,15534.34,0,0.0000
2025-11-10,23,5,8744.15,105967.43,114711.58,0.00,0.00,100000.00,-822.76,-0.7121,1.1471157936,-20.9899,13296.15,1415.43,14711.58,0,0.0000
2025-11-11,23,5,8744.15,105821.09,114565.24,0.00,0.00,100000.00,-146.34,-0.1276,1.1456523668,-21.0907,13296.15,1269.09,14565.24,0,0.0000
2025-11-12,24,5,2146.60,113205.20,115351.80,0.00,0.00,100000.00,786.56,0.6866,1.1535179820,-20.5490,15315.67,36.13,15351.80,0,0.0000
2025-11-13,24,5,2146.60,113743.13,115889.73,0.00,0.00,100000.00,537.93,0.4663,1.1588972897,-20.1784,15315.67,574.06,15889.73,0,0.0000
2025-11-14,24,5,2146.60,113921.38,116067.98,0.00,0.00,100000.00,178.25,0.1538,1.1606797812,-20.0557,15315.67,752.31,16067.98,0,0.0000
2025-11-17,24,5,2146.60,114845.74,116992.33,0.00,0.00,100000.00,924.36,0.7964,1.1699233459,-19.4190,15315.67,1676.67,16992.33,0,0.0000
2025-11-18,24,5,2146.60,112852.81,114999.41,0.00,0.00,100000.00,-1992.92,-1.7035,1.1499941421,-20.7917,15315.67,-316.25,14999.41,0,0.0000
2025-11-19,24,5,2146.60,112350.00,114496.60,0.00,0.00,100000.00,-502.81,-0.4372,1.1449660409,-21.1380,15315.67,-819.06,14496.60,0,0.0000
2025-11-20,24,5,2146.60,111448.67,113595.27,0.00,0.00,100000.00,-901.34,-0.7872,1.1359526795,-21.7588,15315.67,-1720.40,13595.27,0,0.0000
2025-11-21,24,5,2146.60,108710.50,110857.10,0.00,0.00,100000.00,-2738.16,-2.4105,1.1085710377,-23.6448,15315.67,-4458.56,10857.10,0,0.0000
2025-11-24,24,5,2146.60,108444.58,110591.18,0.00,0.00,100000.00,-265.92,-0.2399,1.1059118165,-23.8279,15315.67,-4724.49,10591.18,0,0.0000
2025-11-25,24,5,2146.60,108424.30,110570.90,0.00,0.00,100000.00,-20.28,-0.0183,1.1057089989,-23.8419,15315.67,-4744.77,10570.90,0,0.0000
2025-11-26,24,5,2146.60,110731.46,112878.06,0.00,0.00,100000.00,2307.16,2.0866,1.1287805575,-22.2528,15315.67,-2437.61,12878.06,0,0.0000
2025-11-27,24,5,2146.60,110961.04,113107.64,0.00,0.00,100000.00,229.58,0.2034,1.1310763947,-22.0947,15315.67,-2208.03,13107.64,0,0.0000
2025-11-28,24,5,2146.60,111508.20,113654.80,0.00,0.00,100000.00,547.16,0.4837,1.1365479564,-21.7178,15315.67,-1660.87,13654.80,0,0.0000
2025-12-01,24,5,2146.60,111971.79,114118.39,0.00,0.00,100000.00,463.59,0.4079,1.1411838995,-21.3985,15315.67,-1197.28,14118.39,0,0.0000
2025-12-02,24,5,2146.60,112624.70,114771.30,0.00,0.00,100000.00,652.91,0.5721,1.1477129537,-20.9488,15315.67,-544.37,14771.30,0,0.0000
2025-12-03,24,5,2146.60,113514.52,115661.12,0.00,0.00,100000.00,889.83,0.7753,1.1566112414,-20.3359,15315.67,345.46,15661.12,0,0.0000
2025-12-04,24,5,2146.60,113140.80,115287.40,0.00,0.00,100000.00,-373.72,-0.3231,1.1528740283,-20.5933,15315.67,-28.27,15287.40,0,0.0000
2025-12-05,24,5,2146.60,114060.88,116207.48,0.00,0.00,100000.00,920.08,0.7981,1.1620748379,-19.9596,15315.67,891.82,16207.48,0,0.0000
2025-12-08,24,5,2146.60,111497.88,113644.48,0.00,0.00,100000.00,-2563.00,-2.2055,1.1364447957,-21.7249,15315.67,-1671.19,13644.48,0,0.0000
2025-12-09,24,5,2146.60,113691.80,115838.39,0.00,0.00,100000.00,2193.92,1.9305,1.1583839463,-20.2138,15315.67,522.73,15838.39,0,0.0000
2025-12-10,25,5,5787.13,109044.35,114831.48,0.00,0.00,100000.00,-1006.91,-0.8692,1.1483147999,-20.9073,14328.50,502.98,14831.48,0,0.0000
2025-12-11,25,5,5787.13,110567.22,116354.36,0.00,0.00,100000.00,1522.88,1.3262,1.1635435735,-19.8584,14328.50,2025.85,16354.36,0,0.0000
2025-12-12,25,5,5787.13,113534.22,119321.35,0.00,0.00,100000.00,2966.99,2.5500,1.1932135087,-17.8148,14328.50,4992.85,19321.35,0,0.0000
2025-12-15,25,5,5787.13,113175.30,118962.44,0.00,0.00,100000.00,-358.91,-0.3008,1.1896243674,-18.0621,14328.50,4633.93,18962.44,0,0.0000
2025-12-16,25,5,5787.13,112571.15,118358.29,0.00,0.00,100000.00,-604.15,-0.5079,1.1835828571,-18.4782,14328.50,4029.78,18358.29,0,0.0000
2025-12-17,25,5,5787.13,112013.28,117800.41,0.00,0.00,100000.00,-557.87,-0.4713,1.1780041231,-18.8624,14328.50,3471.91,17800.41,0,0.0000
2025-12-18,25,5,5787.13,112795.00,118582.13,0.00,0.00,100000.00,781.72,0.6636,1.1858213117,-18.3240,14328.50,4253.63,18582.13,0,0.0000
2025-12-19,25,5,5787.13,114570.89,120358.02,0.00,0.00,100000.00,1775.89,1.4976,1.2035801914,-17.1008,14328.50,6029.52,20358.02,0,0.0000
2025-12-22,25,5,5787.13,115860.25,121647.39,0.00,0.00,100000.00,1289.37,1.0713,1.2164738712,-16.2127,14328.50,7318.88,21647.39,0,0.0000
2025-12-23,25,5,5787.13,116464.63,122251.76,0.00,0.00,100000.00,604.37,0.4968,1.2225176020,-15.7965,14328.50,7923.26,22251.76,0,0.0000
2025-12-24,25,5,5787.13,116401.75,122188.88,0.00,0.00,100000.00,-62.88,-0.0514,1.2218888352,-15.8398,14328.50,7860.38,22188.88,0,0.0000
2025-12-26,25,5,5787.13,116820.50,122607.63,0.00,0.00,100000.00,418.75,0.3427,1.2260762926,-15.5513,14328.50,8279.13,22607.63,0,0.0000
2025-12-29,25,5,5787.13,116075.60,121862.74,0.00,0.00,100000.00,-744.89,-0.6075,1.2186273646,-16.0644,14328.50,7534.23,21862.74,0,0.0000
2025-12-30,25,5,5787.13,119028.00,124815.14,0.00,0.00,100000.00,2952.40,2.4227,1.2481513518,-14.0309,14328.50,10486.63,24815.14,0,0.0000
2025-12-31,25,5,5787.13,117064.15,122851.29,0.00,0.00,100000.00,-1963.85,-1.5734,1.2285128594,-15.3835,14328.50,8522.78,22851.29,0,0.0000
2026-01-01,25,5,5787.13,120029.37,125816.50,0.00,0.00,100000.00,2965.22,2.4137,1.2581650184,-13.3412,14328.50,11488.00,25816.50,0,0.0000
2026-01-02,25,5,5787.13,122804.96,128592.09,0.00,0.00,100000.00,2775.59,2.2061,1.2859209257,-11.4294,14328.50,14263.59,28592.09,0,0.0000
2026-01-05,25,5,5787.13,122138.78,127925.91,0.00,0.00,100000.00,-666.18,-0.5181,1.2792591118,-11.8883,14328.50,13597.41,27925.91,0,0.0000
2026-01-06,25,5,5787.13,123609.41,129396.55,0.00,0.00,100000.00,1470.63,1.1496,1.2939654581,-10.8753,14328.50,15068.04,29396.55,0,0.0000
2026-01-07,25,5,5787.13,123377.68,129164.82,0.00,0.00,100000.00,-231.73,-0.1791,1.2916481830,-11.0349,14328.50,14836.32,29164.82,0,0.0000
2026-01-08,26,5,1816.97,125012.07,126829.03,0.00,0.00,100000.00,-2335.79,-1.8084,1.2682903133,-12.6438,15960.04,10869.00,26829.03,0,0.0000
2026-01-09,26,5,1816.97,125391.86,127208.83,0.00,0.00,100000.00,379.80,0.2995,1.2720882781,-12.3822,15960.04,11248.79,27208.83,0,0.0000
2026-01-12,26,5,1816.97,125553.44,127370.41,0.00,0.00,100000.00,161.58,0.1270,1.2737040862,-12.2709,15960.04,11410.37,27370.41,0,0.0000
2026-01-13,26,5,1816.97,125122.14,126939.10,0.00,0.00,100000.00,-431.30,-0.3386,1.2693910461,-12.5680,15960.04,10979.07,26939.10,0,0.0000
2026-01-14,26,5,1816.97,126930.49,128747.46,0.00,0.00,100000.00,1808.35,1.4246,1.2874745889,-11.3224,15960.04,12787.42,28747.46,0,0.0000
2026-01-15,26,5,1816.97,126930.49,128747.46,0.00,0.00,100000.00,0.00,0.0000,1.2874745889,-11.3224,15960.04,12787.42,28747.46,0,0.0000
2026-01-16,26,5,1816.97,125634.78,127451.75,0.00,0.00,100000.00,-1295.71,-1.0064,1.2745174880,-12.2149,15960.04,11491.71,27451.75,0,0.0000
2026-01-19,26,5,1816.97,125804.93,127621.90,0.00,0.00,100000.00,170.15,0.1335,1.2762189712,-12.0977,15960.04,11661.86,27621.90,0,0.0000
2026-01-20,26,5,1816.97,122146.76,123963.73,0.00,0.00,100000.00,-3658.17,-2.8664,1.2396372635,-14.6173,15960.04,8003.69,23963.73,0,0.0000
2026-01-21,26,5,1816.97,122097.76,123914.72,0.00,0.00,100000.00,-49.00,-0.0395,1.2391472180,-14.6511,15960.04,7954.69,23914.72,0,0.0000
2026-01-22,26,5,1816.97,125061.23,126878.19,0.00,0.00,100000.00,2963.47,2.3915,1.2687819276,-12.6099,15960.04,10918.16,26878.19,0,0.0000
2026-01-23,26,5,1816.97,124884.15,126701.12,0.00,0.00,100000.00,-177.07,-0.1396,1.2670111945,-12.7319,15960.04,10741.08,26701.12,0,0.0000
2026-01-27,26,5,1816.97,125790.25,127607.22,0.00,0.00,100000.00,906.10,0.7151,1.2760721810,-12.1078,15960.04,11647.18,27607.22,0,0.0000
2026-01-28,26,5,1816.97,129093.04,130910.01,0.00,0.00,100000.00,3302.79,2.5882,1.3091000868,-9.8329,15960.04,14949.97,30910.01,0,0.0000
2026-01-29,26,5,1816.97,130551.93,132368.90,0.00,0.00,100000.00,1458.89,1.1144,1.3236889751,-8.8281,15960.04,16408.86,32368.90,0,0.0000
2026-01-30,26,5,1816.97,130225.07,132042.03,0.00,0.00,100000.00,-326.87,-0.2469,1.3204203187,-9.0532,15960.04,16082.00,32042.03,0,0.0000
2026-02-02,26,5,1816.97,126544.02,128360.99,0.00,0.00,100000.00,-3681.04,-2.7878,1.2836098892,-11.5886,15960.04,12400.95,28360.99,0,0.0000
2026-02-03,26,5,1816.97,131292.79,133109.76,0.00,0.00,100000.00,4748.77,3.6995,1.3310975840,-8.3178,15960.04,17149.72,33109.76,0,0.0000
2026-02-04,26,5,1816.97,132441.04,134258.01,0.00,0.00,100000.00,1148.25,0.8626,1.3425800912,-7.5269,15960.04,18297.97,34258.01,0,0.0000
2026-02-05,26,5,1816.97,130991.39,132808.35,0.00,0.00,100000.00,-1449.66,-1.0798,1.3280835362,-8.5254,15960.04,16848.32,32808.35,0,0.0000
2026-02-06,27,5,2404.45,129838.82,132243.27,0.00,0.00,100000.00,-565.08,-0.4255,1.3224326867,-8.9146,16338.47,15904.79,32243.27,0,0.0000
2026-02-09,27,5,2404.45,134310.97,136715.41,0.00,0.00,100000.00,4472.15,3.3818,1.3671541388,-5.8343,16338.47,20376.94,36715.41,0,0.0000
2026-02-10,27,5,2404.45,134856.59,137261.04,0.00,0.00,100000.00,545.63,0.3991,1.3726104046,-5.4585,16338.47,20922.57,37261.04,0,0.0000
2026-02-11,27,5,2404.45,136425.55,138830.00,0.00,0.00,100000.00,1568.96,1.1430,1.3882999615,-4.3778,16338.47,22491.52,38830.00,0,0.0000
2026-02-12,27,5,2404.45,137948.96,140353.41,0.00,0.00,100000.00,1523.41,1.0973,1.4035340763,-3.3286,16338.47,24014.93,40353.41,0,0.0000
2026-02-13,27,5,2404.45,134756.57,137161.02,0.00,0.00,100000.00,-3192.39,-2.2745,1.3716101659,-5.5274,16338.47,20822.54,37161.02,0,0.0000
2026-02-16,27,5,2404.45,135483.09,137887.54,0.00,0.00,100000.00,726.52,0.5297,1.3788754158,-5.0270,16338.47,21549.07,37887.54,0,0.0000
2026-02-17,27,5,2404.45,135151.11,137555.56,0.00,0.00,100000.00,-331.98,-0.2408,1.3755555898,-5.2556,16338.47,21217.08,37555.56,0,0.0000
2026-02-18,27,5,2404.45,136286.65,138691.10,0.00,0.00,100000.00,1135.54,0.8255,1.3869110215,-4.4735,16338.47,22352.63,38691.10,0,0.0000
2026-02-19,27,5,2404.45,133882.17,136286.62,0.00,0.00,100000.00,-2404.48,-1.7337,1.3628662146,-6.1296,16338.47,19948.15,36286.62,0,0.0000
2026-02-20,27,5,2404.45,134895.06,137299.50,0.00,0.00,100000.00,1012.88,0.7432,1.3729950359,-5.4320,16338.47,20961.03,37299.50,0,0.0000
2026-02-23,27,5,2404.45,135520.54,137924.99,0.00,0.00,100000.00,625.49,0.4556,1.3792499029,-5.0012,16338.47,21586.52,37924.99,0,0.0000
2026-02-24,27,5,2404.45,135922.52,138326.97,0.00,0.00,100000.00,401.98,0.2914,1.3832697140,-4.7243,16338.47,21988.50,38326.97,0,0.0000
2026-02-25,27,5,2404.45,138256.97,140661.41,0.00,0.00,100000.00,2334.44,1.6876,1.4066141457,-3.1164,16338.47,24322.94,40661.41,0,0.0000
2026-02-26,27,5,2404.45,139336.07,141740.51,0.00,0.00,100000.00,1079.10,0.7672,1.4174051361,-2.3732,16338.47,25402.04,41740.51,0,0.0000
2026-02-27,27,5,2404.45,137450.66,139855.11,0.00,0.00,100000.00,-1885.40,-1.3302,1.3985510889,-3.6718,16338.47,23516.63,39855.11,0,0.0000
2026-03-02,27,5,2404.45,135877.35,138281.80,0.00,0.00,100000.00,-1573.31,-1.1250,1.3828179878,-4.7554,16338.47,21943.32,38281.80,0,0.0000
2026-03-04,27,5,2404.45,133145.28,135549.73,0.00,0.00,100000.00,-2732.07,-1.9757,1.3554972627,-6.6372,16338.47,19211.25,35549.73,0,0.0000
2026-03-05,27,5,2404.45,137363.55,139768.00,0.00,0.00,100000.00,4218.27,3.1120,1.3976799686,-3.7318,16338.47,23429.52,39768.00,0,0.0000
2026-03-06,27,5,2404.45,135484.78,137889.23,0.00,0.00,100000.00,-1878.77,-1.3442,1.3788923176,-5.0258,16338.47,21550.76,37889.23,0,0.0000
2026-03-09,28,5,4742.05,129978.60,134720.66,0.00,0.00,100000.00,-3168.58,-2.2979,1.3472065583,-7.2082,21217.51,13503.15,34720.66,0,0.0000
2026-03-10,28,5,4742.05,132289.17,137031.22,0.00,0.00,100000.00,2310.56,1.7151,1.3703122077,-5.6168,21217.51,15813.72,37031.22,0,0.0000
2026-03-11,28,5,4742.05,131207.11,135949.16,0.00,0.00,100000.00,-1082.06,-0.7896,1.3594916242,-6.3621,21217.51,14731.66,35949.16,0,0.0000
2026-03-12,28,5,4742.05,131795.96,136538.02,0.00,0.00,100000.00,588.85,0.4331,1.3653801557,-5.9565,21217.51,15320.51,36538.02,0,0.0000
2026-03-13,28,5,4742.05,126905.82,131647.88,0.00,0.00,100000.00,-4890.14,-3.5815,1.3164787714,-9.3247,21217.51,10430.37,31647.88,0,0.0000
2026-03-16,28,5,4742.05,125641.84,130383.89,0.00,0.00,100000.00,-1263.98,-0.9601,1.3038389460,-10.1953,21217.51,9166.39,30383.89,0,0.0000
2026-03-17,28,5,4742.05,128812.19,133554.25,0.00,0.00,100000.00,3170.35,2.4316,1.3355424872,-8.0116,21217.51,12336.74,33554.25,0,0.0000
2026-03-18,28,5,4742.05,129905.26,134647.31,0.00,0.00,100000.00,1093.07,0.8184,1.3464731440,-7.2588,21217.51,13429.81,34647.31,0,0.0000
2026-03-19,28,5,4742.05,125022.49,129764.54,0.00,0.00,100000.00,-4882.77,-3.6263,1.2976454438,-10.6219,21217.51,8547.04,29764.54,0,0.0000
2026-03-20,28,5,4742.05,125274.70,130016.76,0.00,0.00,100000.00,252.21,0.1944,1.3001675629,-10.4482,21217.51,8799.25,30016.76,0,0.0000
2026-03-23,28,5,4742.05,120384.12,125126.17,0.00,0.00,100000.00,-4890.58,-3.7615,1.2512617402,-13.8166,21217.51,3908.67,25126.17,0,0.0000
2026-03-24,28,5,4742.05,123429.34,128171.39,0.00,0.00,100000.00,3045.22,2.4337,1.2817139008,-11.7192,21217.51,6953.88,28171.39,0,0.0000
2026-03-25,28,5,4742.05,126946.08,131688.13,0.00,0.00,100000.00,3516.74,2.7438,1.3168813032,-9.2970,21217.51,10470.62,31688.13,0,0.0000
2026-03-27,28,5,4742.05,124458.75,129200.80,0.00,0.00,100000.00,-2487.33,-1.8888,1.2920079938,-11.0102,21217.51,7983.29,29200.80,0,0.0000
2026-03-30,28,5,4742.05,123212.26,127954.31,0.00,0.00,100000.00,-1246.49,-0.9648,1.2795431257,-11.8687,21217.51,6736.81,27954.31,0,0.0000
2026-04-01,28,5,4742.05,125222.74,129964.79,0.00,0.00,100000.00,2010.48,1.5712,1.2996479365,-10.4839,21217.51,8747.29,29964.79,0,0.0000
2026-04-02,28,5,4742.05,125027.62,129769.67,0.00,0.00,100000.00,-195.12,-0.1501,1.2976967206,-10.6183,21217.51,8552.17,29769.67,0,0.0000
2026-04-06,28,5,4742.05,126589.27,131331.32,0.00,0.00,100000.00,1561.65,1.2034,1.3133132233,-9.5427,21217.51,10113.82,31331.32,0,0.0000
2026-04-07,28,5,4742.05,127151.98,131894.03,0.00,0.00,100000.00,562.71,0.4285,1.3189403413,-9.1551,21217.51,10676.53,31894.03,0,0.0000
2026-04-08,28,5,4742.05,131321.56,136063.62,0.00,0.00,100000.00,4169.58,3.1613,1.3606361530,-6.2832,21217.51,14846.11,36063.62,0,0.0000
2026-04-09,29,5,3263.55,134926.91,138190.46,0.00,0.00,100000.00,2126.84,1.5631,1.3819046002,-4.8183,22127.21,16063.25,38190.46,0,0.0000
2026-04-10,29,5,3263.55,139091.92,142355.47,0.00,0.00,100000.00,4165.01,3.0140,1.4235546557,-1.9496,22127.21,20228.25,42355.47,0,0.0000
2026-04-13,29,5,3263.55,140433.01,143696.56,0.00,0.00,100000.00,1341.09,0.9421,1.4369655896,-1.0259,22127.21,21569.35,43696.56,0,0.0000
2026-04-15,29,5,3263.55,141831.16,145094.71,0.00,0.00,100000.00,1398.15,0.9730,1.4509470733,-0.0629,22127.21,22967.50,45094.71,0,0.0000
2026-04-16,29,5,3263.55,142580.01,145843.56,0.00,0.00,100000.00,748.85,0.5161,1.4584355664,0.0000,22127.21,23716.35,45843.56,0,0.0000
2026-04-17,29,5,3263.55,143153.16,146416.71,0.00,0.00,100000.00,573.16,0.3930,1.4641671386,0.0000,22127.21,24289.50,46416.71,0,0.0000
2026-04-20,29,5,3263.55,143010.70,146274.25,0.00,0.00,100000.00,-142.46,-0.0973,1.4627425341,-0.0973,22127.21,24147.04,46274.25,0,0.0000
2026-04-21,29,5,3263.55,143447.62,146711.17,0.00,0.00,100000.00,436.92,0.2987,1.4671117425,0.0000,22127.21,24583.96,46711.17,0,0.0000
2026-04-22,29,5,3263.55,144080.38,147343.93,0.00,0.00,100000.00,632.75,0.4313,1.4734392785,0.0000,22127.21,25216.72,47343.93,0,0.0000
2026-04-23,29,5,3263.55,145423.63,148687.18,0.00,0.00,100000.00,1343.25,0.9116,1.4868717535,0.0000,22127.21,26559.96,48687.18,0,0.0000
2026-04-24,29,5,3263.55,145197.10,148460.65,0.00,0.00,100000.00,-226.53,-0.1524,1.4846064910,-0.1524,22127.21,26333.44,48460.65,0,0.0000
2026-04-27,29,5,3263.55,146036.83,149300.38,0.00,0.00,100000.00,839.73,0.5656,1.4930037762,0.0000,22127.21,27173.17,49300.38,0,0.0000
2026-04-28,29,5,3263.55,147071.12,150334.67,0.00,0.00,100000.00,1034.29,0.6928,1.5033466522,0.0000,22127.21,28207.45,50334.67,0,0.0000
2026-04-29,29,5,3263.55,146220.64,149484.19,0.00,0.00,100000.00,-850.47,-0.5657,1.4948419335,-0.5657,22127.21,27356.98,49484.19,0,0.0000
2026-04-30,29,5,3263.55,143261.88,146525.43,0.00,0.00,100000.00,-2958.77,-1.9793,1.4652542773,-2.5338,22127.21,24398.22,46525.43,0,0.0000
2026-05-01,29,5,3263.55,143261.88,146525.43,0.00,0.00,100000.00,0.00,0.0000,1.4652542773,-2.5338,22127.21,24398.22,46525.43,0,0.0000
2026-05-04,29,5,3263.55,142839.51,146103.06,0.00,0.00,100000.00,-422.37,-0.2883,1.4610305572,-2.8148,22127.21,23975.84,46103.06,0,0.0000
2026-05-05,29,5,3263.55,143611.07,146874.62,0.00,0.00,100000.00,771.57,0.5281,1.4687462329,-2.3016,22127.21,24747.41,46874.62,0,0.0000
2026-05-06,29,5,3263.55,143655.03,146918.58,0.00,0.00,100000.00,43.95,0.0299,1.4691857623,-2.2723,22127.21,24791.36,46918.58,0,0.0000
2026-05-07,29,5,3263.55,146533.23,149796.78,0.00,0.00,100000.00,2878.21,1.9590,1.4979678253,-0.3578,22127.21,27669.57,49796.78,0,0.0000
2026-05-08,30,5,34154.18,114817.60,148971.78,0.00,0.00,100000.00,-825.01,-0.5507,1.4897177738,-0.9066,42821.37,6150.41,48971.78,0,0.0000
2026-05-11,30,5,34154.18,113863.91,148018.09,0.00,0.00,100000.00,-953.69,-0.6402,1.4801808840,-1.5409,42821.37,5196.72,48018.09,0,0.0000
2026-05-12,30,5,34154.18,110863.84,145018.02,0.00,0.00,100000.00,-3000.07,-2.0268,1.4501802306,-3.5365,42821.37,2196.65,45018.02,0,0.0000
2026-05-13,30,5,34154.18,115425.20,149579.38,0.00,0.00,100000.00,4561.36,3.1454,1.4957938268,-0.5024,42821.37,6758.01,49579.38,0,0.0000
2026-05-14,30,5,34154.18,116078.14,150232.32,0.00,0.00,100000.00,652.94,0.4365,1.5023232042,-0.0681,42821.37,7410.95,50232.32,0,0.0000
2026-05-15,30,5,34154.18,114541.18,148695.36,0.00,0.00,100000.00,-1536.97,-1.0231,1.4869535520,-1.0904,42821.37,5873.98,48695.36,0,0.0000
2026-05-18,30,5,34154.18,116282.76,150436.94,0.00,0.00,100000.00,1741.59,1.1712,1.5043694200,0.0000,42821.37,7615.57,50436.94,0,0.0000
2026-05-19,30,5,34154.18,117997.55,152151.73,0.00,0.00,100000.00,1714.79,1.1399,1.5215172766,0.0000,42821.37,9330.36,52151.73,0,0.0000
2026-05-20,30,5,34154.18,118824.63,152978.81,0.00,0.00,100000.00,827.08,0.5436,1.5297880559,0.0000,42821.37,10157.43,52978.81,0,0.0000
2026-05-21,30,5,34154.18,118438.99,152593.17,0.00,0.00,100000.00,-385.64,-0.2521,1.5259316724,-0.2521,42821.37,9771.80,52593.17,0,0.0000
2026-05-22,30,5,34154.18,118607.19,152761.37,0.00,0.00,100000.00,168.20,0.1102,1.5276136768,-0.1421,42821.37,9940.00,52761.37,0,0.0000
2026-05-25,30,5,34154.18,119664.29,153818.47,0.00,0.00,100000.00,1057.10,0.6920,1.5381846574,0.0000,42821.37,10997.09,53818.47,0,0.0000
2026-05-26,30,5,34154.18,122053.00,156207.18,0.00,0.00,100000.00,2388.71,1.5529,1.5620717951,0.0000,42821.37,13385.81,56207.18,0,0.0000
2026-05-27,30,5,34154.18,122703.86,156858.04,0.00,0.00,100000.00,650.86,0.4167,1.5685804015,0.0000,42821.37,14036.67,56858.04,0,0.0000
2026-05-28,30,5,34154.18,122703.86,156858.04,0.00,0.00,100000.00,0.00,0.0000,1.5685804015,0.0000,42821.37,14036.67,56858.04,0,0.0000
2026-05-29,30,5,34154.18,120989.39,155143.57,0.00,0.00,100000.00,-1714.47,-1.0930,1.5514356816,-1.0930,42821.37,12322.20,55143.57,0,0.0000
2026-06-01,30,5,34154.18,120490.01,154644.19,0.00,0.00,100000.00,-499.38,-0.3219,1.5464419042,-1.4114,42821.37,11822.82,54644.19,0,0.0000
2026-06-02,30,5,34154.18,120061.52,154215.69,0.00,0.00,100000.00,-428.50,-0.2771,1.5421569444,-1.6845,42821.37,11394.32,54215.69,0,0.0000
2026-06-03,30,5,34154.18,119443.19,153597.37,0.00,0.00,100000.00,-618.32,-0.4009,1.5359737232,-2.0787,42821.37,10776.00,53597.37,0,0.0000
2026-06-04,30,5,34154.18,119174.05,153328.23,0.00,0.00,100000.00,-269.14,-0.1752,1.5332822954,-2.2503,42821.37,10506.86,53328.23,0,0.0000
2026-06-05,31,5,34545.10,118378.01,152923.12,0.00,0.00,100000.00,-405.11,-0.2642,1.5292311611,-2.5086,52961.91,-38.79,52923.12,0,0.0000
2026-06-08,31,5,34545.10,115849.38,150394.49,0.00,0.00,100000.00,-2528.63,-1.6535,1.5039448687,-4.1206,52961.91,-2567.42,50394.49,0,0.0000
2026-06-09,31,5,34545.10,116387.72,150932.82,0.00,0.00,100000.00,538.34,0.3579,1.5093282207,-3.7774,52961.91,-2029.09,50932.82,0,0.0000
2026-06-10,31,5,34545.10,114091.50,148636.61,0.00,0.00,100000.00,-2296.21,-1.5213,1.4863660772,-5.2413,52961.91,-4325.30,48636.61,0,0.0000
2026-06-11,31,5,34545.10,114278.50,148823.61,0.00,0.00,100000.00,187.00,0.1258,1.4882360673,-5.1221,52961.91,-4138.30,48823.61,0,0.0000
2026-06-12,31,5,34545.10,117046.07,151591.18,0.00,0.00,100000.00,2767.57,1.8596,1.5159117754,-3.3577,52961.91,-1370.73,51591.18,0,0.0000
2026-06-15,31,5,34545.10,117840.41,152385.51,0.00,0.00,100000.00,794.34,0.5240,1.5238551443,-2.8513,52961.91,-576.40,52385.51,0,0.0000
2026-06-16,31,5,34545.10,117166.96,151712.07,0.00,0.00,100000.00,-673.45,-0.4419,1.5171206598,-3.2807,52961.91,-1249.84,51712.07,0,0.0000
2026-06-17,31,5,34545.10,116582.76,151127.87,0.00,0.00,100000.00,-584.20,-0.3851,1.5112786625,-3.6531,52961.91,-1834.04,51127.87,0,0.0000
2026-06-18,31,5,34545.10,117466.82,152011.92,0.00,0.00,100000.00,884.06,0.5850,1.5201192492,-3.0895,52961.91,-949.98,52011.92,0,0.0000
2026-06-19,31,5,34545.10,118499.48,153044.58,0.00,0.00,100000.00,1032.65,0.6793,1.5304457950,-2.4312,52961.91,82.67,53044.58,0,0.0000
2026-06-22,31,5,34545.10,119078.15,153623.25,0.00,0.00,100000.00,578.67,0.3781,1.5362324997,-2.0622,52961.91,661.34,53623.25,0,0.0000
2026-06-23,31,5,34545.10,117670.30,152215.40,0.00,0.00,100000.00,-1407.85,-0.9164,1.5221540151,-2.9598,52961.91,-746.51,52215.40,0,0.0000
2026-06-24,31,5,34545.10,117505.07,152050.18,0.00,0.00,100000.00,-165.22,-0.1085,1.5205017770,-3.0651,52961.91,-911.73,52050.18,0,0.0000
2026-06-25,31,5,34545.10,116489.64,151034.75,0.00,0.00,100000.00,-1015.43,-0.6678,1.5103474581,-3.7125,52961.91,-1927.16,51034.75,0,0.0000
2026-06-26,31,5,34545.10,116489.64,151034.75,0.00,0.00,100000.00,0.00,0.0000,1.5103474581,-3.7125,52961.91,-1927.16,51034.75,0,0.0000
2026-06-29,31,5,34545.10,117459.08,152004.19,0.00,0.00,100000.00,969.44,0.6419,1.5200418912,-3.0944,52961.91,-957.72,52004.19,0,0.0000
2026-06-30,31,5,34545.10,118654.06,153199.17,0.00,0.00,100000.00,1194.98,0.7861,1.5319916518,-2.3326,52961.91,237.26,53199.17,0,0.0000
2026-07-01,31,5,34545.10,120138.50,154683.60,0.00,0.00,100000.00,1484.44,0.9690,1.5468360320,-1.3862,52961.91,1721.69,54683.60,0,0.0000
2026-07-02,31,5,34545.10,120116.65,154661.75,0.00,0.00,100000.00,-21.85,-0.0141,1.5466175001,-1.4002,52961.91,1699.84,54661.75,0,0.0000
2026-07-03,32,5,15162.11,138878.91,154041.02,0.00,0.00,100000.00,-620.73,-0.4013,1.5404102417,-1.7959,51423.89,2617.14,54041.02,0,0.0000
2026-07-06,32,5,15162.11,140010.22,155172.33,0.00,0.00,100000.00,1131.31,0.7344,1.5517233301,-1.0747,51423.89,3748.45,55172.33,0,0.0000
2026-07-07,32,5,15162.11,137226.93,152389.05,0.00,0.00,100000.00,-2783.29,-1.7937,1.5238904510,-2.8491,51423.89,965.16,52389.05,0,0.0000
2026-07-08,32,5,15162.11,136287.17,151449.28,0.00,0.00,100000.00,-939.76,-0.6167,1.5144928406,-3.4482,51423.89,25.40,51449.28,0,0.0000
2026-07-09,32,5,15162.11,138016.75,153178.87,0.00,0.00,100000.00,1729.58,1.1420,1.5317886798,-2.3455,51423.89,1754.98,53178.87,0,0.0000
2026-07-10,32,5,15162.11,141262.86,156424.98,0.00,0.00,100000.00,3246.11,2.1192,1.5642497568,-0.2761,51423.89,5001.09,56424.98,0,0.0000
2026-07-13,32,5,15162.11,142916.02,158078.13,0.00,0.00,100000.00,1653.16,1.0568,1.5807813467,0.0000,51423.89,6654.25,58078.13,0,0.0000
2026-07-14,32,5,15162.11,142502.02,157664.13,0.00,0.00,100000.00,-414.00,-0.2619,1.5766412985,-0.2619,51423.89,6240.24,57664.13,0,0.0000
2026-07-15,32,5,15162.11,143336.69,158498.80,0.00,0.00,100000.00,834.67,0.5294,1.5849880362,0.0000,51423.89,7074.92,58498.80,0,0.0000
2026-07-16,32,5,15162.11,144972.97,160135.08,0.00,0.00,100000.00,1636.28,1.0324,1.6013508386,0.0000,51423.89,8711.20,60135.08,0,0.0000
2026-07-17,32,5,15162.11,143700.10,158862.21,0.00,0.00,100000.00,-1272.87,-0.7949,1.5886220984,-0.7949,51423.89,7438.32,58862.21,0,0.0000
2026-07-20,32,5,15162.11,144077.96,159240.08,0.00,0.00,100000.00,377.87,0.2379,1.5924007532,-0.5589,51423.89,7816.19,59240.08,0,0.0000
2026-07-21,32,5,15162.11,144151.84,159313.95,0.00,0.00,100000.00,73.88,0.0464,1.5931395392,-0.5128,51423.89,7890.07,59313.95,0,0.0000
2026-07-22,32,5,15162.11,142622.18,157784.29,0.00,0.00,100000.00,-1529.66,-0.9602,1.5778429413,-1.4680,51423.89,6360.41,57784.29,0,0.0000
2026-07-23,32,5,15162.11,140075.30,155237.42,0.00,0.00,100000.00,-2546.88,-1.6142,1.5523741592,-3.0585,51423.89,3813.53,55237.42,0,0.0000
2026-07-24,32,5,15162.11,141336.80,156498.91,0.00,0.00,100000.00,1261.50,0.8126,1.5649891168,-2.2707,51423.89,5075.02,56498.91,0,0.0000
2026-07-27,32,5,15162.11,144850.05,160012.17,0.00,0.00,100000.00,3513.25,2.2449,1.6001216644,-0.0768,51423.89,8588.28,60012.17,0,0.0000
2026-07-28,32,5,15162.11,146137.35,161299.47,0.00,0.00,100000.00,1287.30,0.8045,1.6129946643,0.0000,51423.89,9875.58,61299.47,0,0.0000
2026-07-29,32,5,15162.11,147513.65,162675.76,0.00,0.00,100000.00,1376.30,0.8533,1.6267576327,0.0000,51423.89,11251.88,62675.76,0,0.0000
2026-07-30,32,5,15162.11,146937.10,162099.22,0.00,0.00,100000.00,-576.55,-0.3544,1.6209921667,-0.3544,51423.89,10675.33,62099.22,0,0.0000
2026-07-31,33,5,14710.04,146659.84,161369.87,0.00,0.00,100000.00,-729.35,-0.4499,1.6136987139,-0.8028,52531.42,8838.45,61369.87,0,0.0000
2026-08-03,33,5,14710.04,148044.89,162754.93,0.00,0.00,100000.00,1385.06,0.8583,1.6275492852,0.0000,52531.42,10223.51,62754.93,0,0.0000
2026-08-04,33,5,14710.04,148188.84,162898.87,0.00,0.00,100000.00,143.94,0.0884,1.6289887139,0.0000,52531.42,10367.45,62898.87,0,0.0000
2026-08-05,33,5,14710.04,147824.47,162534.51,0.00,0.00,100000.00,-364.36,-0.2237,1.6253450860,-0.2237,52531.42,10003.09,62534.51,0,0.0000
2026-08-06,33,5,14710.04,148334.06,163044.10,0.00,0.00,100000.00,509.59,0.3135,1.6304410052,0.0000,52531.42,10512.68,63044.10,0,0.0000
2026-08-07,33,5,14710.04,149296.04,164006.08,0.00,0.00,100000.00,961.98,0.5900,1.6400607940,0.0000,52531.42,11474.66,64006.08,0,0.0000
2026-08-10,33,5,14710.04,149590.35,164300.38,0.00,0.00,100000.00,294.30,0.1794,1.6430038360,0.0000,52531.42,11768.97,64300.38,0,0.0000
2026-08-11,33,5,14710.04,149593.39,164303.43,0.00,0.00,100000.00,3.05,0.0019,1.6430342956,0.0000,52531.42,11772.01,64303.43,0,0.0000
2026-08-12,33,5,14710.04,148554.04,163264.07,0.00,0.00,100000.00,-1039.36,-0.6326,1.6326407147,-0.6326,52531.42,10732.65,63264.07,0,0.0000
2026-08-13,33,5,14710.04,149702.27,164412.31,0.00,0.00,100000.00,1148.24,0.7033,1.6441231066,0.0000,52531.42,11880.89,64412.31,0,0.0000
2026-08-14,33,5,14710.04,149623.09,164333.13,0.00,0.00,100000.00,-79.18,-0.0482,1.6433312945,-0.0482,52531.42,11801.71,64333.13,0,0.0000
2026-08-17,33,5,14710.04,150062.98,164773.01,0.00,0.00,100000.00,439.88,0.2677,1.6477301232,0.0000,52531.42,12241.60,64773.01,0,0.0000
2026-08-18,33,5,14710.04,149610.22,164320.25,0.00,0.00,100000.00,-452.76,-0.2748,1.6432025152,-0.2748,52531.42,11788.83,64320.25,0,0.0000
2026-08-19,33,5,14710.04,148987.25,163697.28,0.00,0.00,100000.00,-622.97,-0.3791,1.6369728460,-0.6529,52531.42,11165.87,63697.28,0,0.0000
2026-08-20,33,5,14710.04,149595.48,164305.51,0.00,0.00,100000.00,608.23,0.3716,1.6430551354,-0.2837,52531.42,11774.10,64305.51,0,0.0000
2026-08-21,33,5,14710.04,148988.56,163698.60,0.00,0.00,100000.00,-606.91,-0.3694,1.6369859991,-0.6521,52531.42,11167.18,63698.60,0,0.0000
2026-08-24,33,5,14710.04,148519.46,163229.49,0.00,0.00,100000.00,-469.11,-0.2866,1.6322949145,-0.9368,52531.42,10698.07,63229.49,0,0.0000
2026-08-25,33,5,14710.04,151675.24,166385.27,0.00,0.00,100000.00,3155.78,1.9333,1.6638527276,0.0000,52531.42,13853.86,66385.27,0,0.0000
2026-08-26,33,5,14710.04,151998.05,166708.09,0.00,0.00,100000.00,322.81,0.1940,1.6670808764,0.0000,52531.42,14176.67,66708.09,0,0.0000
2026-08-27,33,5,14710.04,154335.08,169045.11,0.00,0.00,100000.00,2337.03,1.4019,1.6904511328,0.0000,52531.42,16513.70,69045.11,0,0.0000
2026-08-28,34,5,2933.92,165784.83,168718.75,0.00,0.00,100000.00,-326.36,-0.1931,1.6871875095,-0.1931,60925.41,7793.34,68718.75,0,0.0000
2026-08-31,34,5,2933.92,164641.82,167575.74,0.00,0.00,100000.00,-1143.01,-0.6775,1.6757573735,-0.8692,60925.41,6650.32,67575.74,0,0.0000
2026-09-01,34,5,2933.92,160037.21,162971.13,0.00,0.00,100000.00,-4604.61,-2.7478,1.6297113114,-3.5931,60925.41,2045.72,62971.13,0,0.0000
2026-09-02,34,5,2933.92,161349.39,164283.31,0.00,0.00,100000.00,1312.18,0.8052,1.6428330690,-2.8169,60925.41,3357.89,64283.31,0,0.0000
2026-09-03,34,5,2933.92,161528.90,164462.82,0.00,0.00,100000.00,179.51,0.1093,1.6446282000,-2.7107,60925.41,3537.41,64462.82,0,0.0000
2026-09-04,34,5,2933.92,163440.07,166373.99,0.00,0.00,100000.00,1911.17,1.1621,1.6637399392,-1.5801,60925.41,5448.58,66373.99,0,0.0000
2026-09-07,34,5,2933.92,164405.81,167339.73,0.00,0.00,100000.00,965.74,0.5805,1.6733973163,-1.0088,60925.41,6414.32,67339.73,0,0.0000
2026-09-08,34,5,2933.92,166709.00,169642.92,0.00,0.00,100000.00,2303.19,1.3764,1.6964291916,0.0000,60925.41,8717.51,69642.92,0,0.0000
2026-09-09,34,5,2933.92,166346.98,169280.90,0.00,0.00,100000.00,-362.02,-0.2134,1.6928089681,-0.2134,60925.41,8355.48,69280.90,0,0.0000
2026-09-10,34,5,2933.92,165035.60,167969.52,0.00,0.00,100000.00,-1311.38,-0.7747,1.6796951960,-0.9864,60925.41,7044.11,67969.52,0,0.0000
2026-09-11,34,5,2933.92,166586.89,169520.81,0.00,0.00,100000.00,1551.29,0.9236,1.6952081213,-0.0720,60925.41,8595.40,69520.81,0,0.0000
2026-09-14,34,5,2933.92,166586.89,169520.81,0.00,0.00,100000.00,0.00,0.0000,1.6952081213,-0.0720,60925.41,8595.40,69520.81,0,0.0000
2026-09-15,34,5,2933.92,162104.80,165038.72,0.00,0.00,100000.00,-4482.09,-2.6440,1.6503872086,-2.7141,60925.41,4113.31,65038.72,0,0.0000
2026-09-16,34,5,2933.92,161128.62,164062.54,0.00,0.00,100000.00,-976.18,-0.5915,1.6406254121,-3.2895,60925.41,3137.13,64062.54,0,0.0000
2026-09-17,34,5,2933.92,161698.99,164632.91,0.00,0.00,100000.00,570.37,0.3477,1.6463291107,-2.9533,60925.41,3707.50,64632.91,0,0.0000
2026-09-18,34,5,2933.92,163698.89,166632.81,0.00,0.00,100000.00,1999.90,1.2148,1.6663280960,-1.7744,60925.41,5707.40,66632.81,0,0.0000
2026-09-21,34,5,2933.92,163322.68,166256.60,0.00,0.00,100000.00,-376.21,-0.2258,1.6625660058,-1.9961,60925.41,5331.19,66256.60,0,0.0000
2026-09-22,34,5,2933.92,164089.84,167023.76,0.00,0.00,100000.00,767.16,0.4614,1.6702376046,-1.5439,60925.41,6098.35,67023.76,0,0.0000
2026-09-23,34,5,2933.92,164043.09,166977.01,0.00,0.00,100000.00,-46.75,-0.0280,1.6697701168,-1.5715,60925.41,6051.60,66977.01,0,0.0000
2026-09-24,34,5,2933.92,161714.74,164648.66,0.00,0.00,100000.00,-2328.35,-1.3944,1.6464865827,-2.9440,60925.41,3723.25,64648.66,0,0.0000
2026-09-25,35,5,1584.12,161521.00,163105.12,0.00,0.00,100000.00,-1543.54,-0.9375,1.6310511885,-3.8539,59582.15,3522.97,63105.12,0,0.0000
2026-09-28,35,5,1584.12,159746.50,161330.62,0.00,0.00,100000.00,-1774.50,-1.0879,1.6133062019,-4.8999,59582.15,1748.47,61330.62,0,0.0000
2026-09-29,35,5,1584.12,159190.75,160774.87,0.00,0.00,100000.00,-555.75,-0.3445,1.6077486805,-5.2275,59582.15,1192.72,60774.87,0,0.0000
2026-09-30,35,5,1584.12,157935.35,159519.47,0.00,0.00,100000.00,-1255.40,-0.7808,1.5951946980,-5.9675,59582.15,-62.68,59519.47,0,0.0000
