date,signal_date,portfolio_value,account_equity,period_pnl,capital_per_stock,selected_symbols,lookback_start,previous_rebalance
2024-01-01,2023-12-29,99443.94,100000.00,0.00,19888.79,"BSE,PRESTIGE,IDEA,BHEL,NMDC",2023-08-18,
2024-01-31,2024-01-30,101033.48,102700.05,2700.05,20206.70,"TATAINVEST,PRESTIGE,HINDPETRO,SUZLON,RVNL",2023-09-15,2024-01-01
2024-02-28,2024-02-27,104518.88,107398.03,4697.98,20903.78,"HUDCO,GVT&D,HINDPETRO,TRENT,OFSS",2023-10-17,2024-01-31
2024-04-01,2024-03-28,99178.70,105443.75,-1954.28,19835.74,"HUDCO,GVT&D,OFSS,OIL,NHPC",2023-11-16,2024-02-28
2024-05-02,2024-04-30,112681.39,117509.40,12065.66,22536.28,"GVT&D,HUDCO,OIL,INDUSTOWER,OFSS",2023-12-15,2024-04-01
2024-05-31,2024-05-30,121251.87,123352.41,5843.01,24250.37,"COCHINSHIP,HUDCO,GODFRYPHLP,RVNL,OIL",2024-01-15,2024-05-02
2024-07-01,2024-06-28,129646.96,136745.63,13393.22,25929.39,"COCHINSHIP,DIXON,INDUSTOWER,M&M,PRESTIGE",2024-02-14,2024-05-31
2024-07-30,2024-07-29,143271.46,145430.58,8684.94,28654.29,"COCHINSHIP,RVNL,IREDA,EXIDEIND,INDUSTOWER",2024-03-14,2024-07-01
2024-08-28,2024-08-27,132114.21,133990.31,-11440.26,26422.84,"RVNL,GODFRYPHLP,SUZLON,DIXON,OIL",2024-04-16,2024-07-30
2024-09-25,2024-09-24,134933.94,137960.28,3969.97,26986.79,"GODFRYPHLP,PAYTM,SUZLON,RVNL,KALYANKJIL",2024-05-16,2024-08-28
2024-10-24,2024-10-23,119027.87,127486.70,-10473.58,23805.57,"PAYTM,KALYANKJIL,GODFRYPHLP,PERSISTENT,TRENT",2024-06-14,2024-09-25
2024-11-25,2024-11-22,125626.13,128506.13,1019.43,25125.23,"BSE,COFORGE,FORTIS,KALYANKJIL,RADICO",2024-07-15,2024-10-24
2024-12-23,2024-12-20,124430.50,137651.17,9145.04,24886.10,"BSE,COFORGE,RADICO,DIXON,MAXHEALTH",2024-08-13,2024-11-25
2025-01-21,2025-01-20,120737.42,132556.07,-5095.10,24147.48,"BSE,DIXON,COFORGE,NATIONALUM,MAXHEALTH",2024-09-11,2024-12-23
2025-02-17,2025-02-14,113647.42,117298.18,-15257.90,22729.48,"BSE,WIPRO,SRF,LAURUSLABS,JUBLFOOD",2024-10-10,2025-01-21
2025-03-19,2025-03-18,106231.70,112529.94,-4768.24,21246.34,"SRF,BAJFINANCE,INDIGO,LAURUSLABS,BLUESTARCO",2024-11-07,2025-02-17
2025-04-22,2025-04-21,111056.87,117955.08,5425.14,22211.37,"BAJFINANCE,GODFRYPHLP,SRF,INDIGO,EICHERMOT",2024-12-09,2025-03-19
2025-05-21,2025-05-20,113131.10,118267.56,312.48,22626.22,"GODFRYPHLP,BDL,BSE,SRF,INDIGO",2025-01-07,2025-04-22
2025-06-18,2025-06-17,114076.13,119639.03,1371.47,22815.23,"GODFRYPHLP,BDL,MODEFENCE,BSE,ADANIPORTS",2025-02-03,2025-05-21
2025-07-16,2025-07-15,116755.74,121685.26,2046.23,23351.15,"GODFRYPHLP,MCX,BDL,GLENMARK,MODEFENCE",2025-03-04,2025-06-18
2025-08-13,2025-08-12,111603.18,114289.35,-7395.91,22320.64,"GVT&D,MCX,ETERNAL,FORTIS,PRESTIGE",2025-04-03,2025-07-16
2025-09-12,2025-09-11,108959.29,113490.80,-798.55,21791.86,"GVT&D,GLENMARK,ABCAPITAL,HEROMOTOCO,ETERNAL",2025-05-07,2025-08-13
2025-10-13,2025-10-10,107297.60,116041.75,2550.95,21459.52,"LTF,FORTIS,ETERNAL,MARUTI,POLYCAB",2025-06-04,2025-09-12
2025-11-12,2025-11-11,113169.07,115315.67,-726.08,22633.81,"PAYTM,NATIONALUM,IDEA,GVT&D,LAURUSLABS",2025-07-02,2025-10-13
2025-12-10,2025-12-09,110008.99,115796.13,480.46,22001.80,"IDEA,LTF,NATIONALUM,HEROMOTOCO,ASHOKLEY",2025-07-30,2025-11-12
2026-01-08,2026-01-07,126864.29,128681.26,12885.13,25372.86,"NATIONALUM,IDEA,SHRIRAMFIN,ASHOKLEY,BHARATFORG",2025-08-29,2025-12-10
2026-02-06,2026-02-05,130114.53,132518.98,3837.72,26022.91,"NATIONALUM,SHRIRAMFIN,ASHOKLEY,IDEA,BHARATFORG",2025-09-26,2026-01-08
2026-03-09,2026-03-06,130654.77,135396.82,2877.85,26130.95,"NATIONALUM,POWERINDIA,BHARATFORG,SHRIRAMFIN,LUPIN",2025-10-28,2026-02-06
2026-04-09,2026-04-08,132622.82,135886.37,489.55,26524.56,"NATIONALUM,MCX,LENSKART,GVT&D,BHARATFORG",2025-11-26,2026-03-09
2026-05-08,2026-05-07,116310.67,150464.85,14578.47,23262.13,"POWERINDIA,BSE,SAIL,BHARATFORG,OFSS",2025-12-24,2026-04-09
2026-06-05,2026-06-04,119040.96,153586.06,3121.22,23808.19,"POWERINDIA,BSE,IDEA,ADANIENT,LAURUSLABS",2026-01-22,2026-05-08
2026-07-03,2026-07-02,139973.81,155135.92,1549.86,27994.76,"OFSS,BHEL,LAURUSLABS,ADANIENT,RADICO",2026-02-20,2026-06-05
2026-07-31,2026-07-30,147697.38,162407.41,7271.49,29539.48,"LAURUSLABS,OFSS,KALYANKJIL,RADICO,ADANIENT",2026-03-23,2026-07-03
2026-08-28,2026-08-27,166320.12,169254.04,6846.63,33264.02,"LAURUSLABS,COFORGE,IDEA,KALYANKJIL,PAYTM",2026-04-24,2026-07-31
2026-09-25,2026-09-24,163138.70,164722.82,-4531.23,32627.74,"KALYANKJIL,PAYTM,LAURUSLABS,ETERNAL,COFORGE",2026-05-22,2026-08-28
