trade_date,action,symbol,quantity,price,trade_value,entry_price,exit_price,realized_pnl,initial_balance,remaining_balance,signal_date,rebalance_number
2024-01-01,ENTRY,BHEL,101.00,197.78,19975.58,197.78,,,100000.00,80024.42,2023-12-29,1
2024-01-01,ENTRY,BSE,27.00,733.35,19800.44,733.35,,,80024.42,60223.98,2023-12-29,1
2024-01-01,ENTRY,IDEA,1234.00,16.20,19990.80,16.20,,,60223.98,40233.17,2023-12-29,1
2024-01-01,ENTRY,NMDC,317.00,63.01,19974.26,63.01,,,40233.17,20258.92,2023-12-29,1
2024-01-01,ENTRY,PRESTIGE,17.00,1158.99,19702.85,1158.99,,,20258.92,556.06,2023-12-29,1
2024-01-31,EXIT,BHEL,101.00,226.60,22886.60,197.78,226.60,2911.01,556.06,23442.66,2024-01-30,2
2024-01-31,EXIT,BSE,27.00,728.14,19659.84,733.35,728.14,-140.61,23442.66,43102.50,2024-01-30,2
2024-01-31,EXIT,IDEA,1234.00,14.50,17893.00,16.20,14.50,-2097.80,43102.50,60995.50,2024-01-30,2
2024-01-31,EXIT,NMDC,317.00,65.88,20883.47,63.01,65.88,909.21,60995.50,81878.97,2024-01-30,2
2024-01-31,ENTRY,HINDPETRO,74.00,273.98,20274.26,273.98,,,83103.74,62829.48,2024-01-30,2
2024-01-31,ENTRY,RVNL,70.00,293.12,20518.22,293.12,,,62829.48,42311.26,2024-01-30,2
2024-01-31,ENTRY,SUZLON,462.00,44.40,20512.80,44.40,,,42311.26,21798.46,2024-01-30,2
2024-01-31,ENTRY,TATAINVEST,34.00,592.11,20131.89,592.11,,,21798.46,1666.57,2024-01-30,2
2024-02-28,EXIT,PRESTIGE,16.00,1205.88,19294.13,1158.99,1205.88,750.27,1666.57,20960.69,2024-02-27,3
2024-02-28,EXIT,RVNL,70.00,264.26,18498.45,293.12,264.26,-2019.77,20960.69,39459.15,2024-02-27,3
2024-02-28,EXIT,SUZLON,462.00,44.60,20605.20,44.40,44.60,92.40,39459.15,60064.35,2024-02-27,3
2024-02-28,EXIT,TATAINVEST,34.00,706.98,24037.48,592.11,706.98,3905.59,60064.35,84101.83,2024-02-27,3
2024-02-28,ENTRY,GVT&D,23.00,909.24,20912.54,909.24,,,85990.71,65078.17,2024-02-27,3
2024-02-28,ENTRY,HUDCO,115.00,185.60,21344.47,185.60,,,65078.17,43733.69,2024-02-27,3
2024-02-28,ENTRY,OFSS,3.00,7068.07,21204.20,7068.07,,,43733.69,22529.49,2024-02-27,3
2024-02-28,ENTRY,TRENT,5.00,3930.07,19650.35,3930.07,,,22529.49,2879.15,2024-02-27,3
2024-04-01,EXIT,HINDPETRO,68.00,282.85,19233.65,273.98,282.85,603.25,2879.15,22112.80,2024-03-28,4
2024-04-01,EXIT,TRENT,5.00,3964.98,19824.91,3930.07,3964.98,174.56,22112.80,41937.71,2024-03-28,4
2024-04-01,ENTRY,NHPC,244.00,86.16,21022.04,86.16,,,48296.90,27274.86,2024-03-28,4
2024-04-01,ENTRY,OIL,55.00,382.00,21009.81,382.00,,,27274.86,6265.05,2024-03-28,4
2024-05-02,EXIT,NHPC,244.00,92.62,22598.98,86.16,92.62,1576.94,6265.05,28864.03,2024-04-30,5
2024-05-02,ENTRY,INDUSTOWER,67.00,345.98,23180.61,345.98,,,28008.63,4828.02,2024-04-30,5
2024-05-31,EXIT,GVT&D,19.00,1292.88,24564.68,909.24,1292.88,7289.10,4828.02,29392.69,2024-05-30,6
2024-05-31,EXIT,INDUSTOWER,67.00,334.61,22418.69,345.98,334.61,-761.92,29392.69,51811.38,2024-05-30,6
2024-05-31,EXIT,OFSS,3.00,6910.41,20731.23,7068.07,6910.41,-472.97,51811.38,72542.61,2024-05-30,6
2024-05-31,ENTRY,COCHINSHIP,12.00,1952.33,23428.00,1952.33,,,74312.42,50884.42,2024-05-30,6
2024-05-31,ENTRY,GODFRYPHLP,20.00,1224.38,24487.58,1224.38,,,50884.42,26396.84,2024-05-30,6
2024-05-31,ENTRY,RVNL,64.00,379.63,24296.30,379.63,,,26396.84,2100.54,2024-05-30,6
2024-07-01,EXIT,GODFRYPHLP,20.00,1338.75,26774.95,1224.38,1338.75,2287.37,2100.54,28875.49,2024-06-28,7
2024-07-01,EXIT,HUDCO,99.00,262.95,26031.81,185.60,262.95,7657.00,28875.49,54907.30,2024-06-28,7
2024-07-01,EXIT,OIL,62.00,462.11,28650.62,382.00,462.11,4966.84,54907.30,83557.93,2024-06-28,7
2024-07-01,EXIT,RVNL,64.00,410.65,26281.60,379.63,410.65,1985.30,83557.93,109839.53,2024-06-28,7
2024-07-01,ENTRY,DIXON,2.00,12080.00,24160.00,12080.00,,,109839.53,85679.53,2024-06-28,7
2024-07-01,ENTRY,INDUSTOWER,75.00,363.33,27249.48,363.33,,,85679.53,58430.05,2024-06-28,7
2024-07-01,ENTRY,M&M,9.00,2768.79,24919.15,2768.79,,,58430.05,33510.89,2024-06-28,7
2024-07-01,ENTRY,PRESTIGE,14.00,1886.59,26412.22,1886.59,,,33510.89,7098.67,2024-06-28,7
2024-07-30,EXIT,DIXON,2.00,11670.64,23341.29,12080.00,11670.64,-818.71,7098.67,30439.96,2024-07-29,8
2024-07-30,EXIT,M&M,9.00,2891.17,26020.50,2768.79,2891.17,1101.35,30439.96,56460.46,2024-07-29,8
2024-07-30,EXIT,PRESTIGE,14.00,1873.68,26231.53,1886.59,1873.68,-180.69,56460.46,82691.99,2024-07-29,8
2024-07-30,ENTRY,EXIDEIND,52.00,548.98,28546.85,548.98,,,88669.87,60123.02,2024-07-29,8
2024-07-30,ENTRY,IREDA,110.00,262.80,28907.61,262.80,,,60123.02,31215.41,2024-07-29,8
2024-07-30,ENTRY,RVNL,48.00,605.34,29056.29,605.34,,,31215.41,2159.12,2024-07-29,8
2024-08-28,EXIT,COCHINSHIP,11.00,2030.92,22340.11,1952.33,2030.92,864.45,2159.12,24499.23,2024-08-27,9
2024-08-28,EXIT,EXIDEIND,52.00,494.38,25707.61,548.98,494.38,-2839.24,24499.23,50206.84,2024-08-27,9
2024-08-28,EXIT,INDUSTOWER,67.00,425.97,28539.92,363.33,425.97,4197.05,50206.84,78746.75,2024-08-27,9
2024-08-28,EXIT,IREDA,110.00,253.06,27836.96,262.80,253.06,-1070.65,78746.75,106583.71,2024-08-27,9
2024-08-28,ENTRY,DIXON,2.00,13250.41,26500.82,13250.41,,,107725.65,81224.84,2024-08-27,9
2024-08-28,ENTRY,GODFRYPHLP,14.00,1857.19,26000.66,1857.19,,,81224.84,55224.17,2024-08-27,9
2024-08-28,ENTRY,OIL,39.00,682.34,26611.23,682.34,,,55224.17,28612.95,2024-08-27,9
2024-08-28,ENTRY,SUZLON,343.00,77.95,26736.85,77.95,,,28612.95,1876.10,2024-08-27,9
2024-09-25,EXIT,DIXON,2.00,14357.56,28715.11,13250.41,14357.56,2214.30,1876.10,30591.21,2024-09-24,10
2024-09-25,EXIT,OIL,39.00,564.19,22003.42,682.34,564.19,-4607.81,30591.21,52594.63,2024-09-24,10
2024-09-25,ENTRY,KALYANKJIL,35.00,770.29,26960.28,770.29,,,57224.63,30264.35,2024-09-24,10
2024-09-25,ENTRY,PAYTM,40.00,680.95,27238.00,680.95,,,30264.35,3026.35,2024-09-24,10
2024-10-24,EXIT,RVNL,53.00,439.34,23284.81,605.34,439.34,-8798.18,3026.35,26311.16,2024-10-23,11
2024-10-24,EXIT,SUZLON,329.00,69.08,22727.32,77.95,69.08,-2918.23,26311.16,49038.48,2024-10-23,11
2024-10-24,ENTRY,PERSISTENT,4.00,5619.64,22478.58,5619.64,,,53598.42,31119.84,2024-10-23,11
2024-10-24,ENTRY,TRENT,3.00,7553.67,22661.01,7553.67,,,31119.84,8458.83,2024-10-23,11
2024-11-25,EXIT,GODFRYPHLP,11.00,1863.65,20500.15,1857.19,1863.65,71.06,8458.83,28958.98,2024-11-22,12
2024-11-25,EXIT,PAYTM,33.00,913.80,30155.40,680.95,913.80,7684.05,28958.98,59114.38,2024-11-22,12
2024-11-25,EXIT,PERSISTENT,4.00,5798.84,23195.36,5619.64,5798.84,716.79,59114.38,82309.74,2024-11-22,12
2024-11-25,EXIT,TRENT,3.00,6785.05,20355.15,7553.67,6785.05,-2305.86,82309.74,102664.90,2024-11-22,12
2024-11-25,ENTRY,BSE,16.00,1604.04,25664.56,1604.04,,,103382.71,77718.15,2024-11-22,12
2024-11-25,ENTRY,COFORGE,15.00,1650.20,24753.05,1650.20,,,77718.15,52965.10,2024-11-22,12
2024-11-25,ENTRY,FORTIS,36.00,697.14,25096.86,697.14,,,52965.10,27868.23,2024-11-22,12
2024-11-25,ENTRY,RADICO,11.00,2271.66,24988.24,2271.66,,,27868.23,2880.00,2024-11-22,12
2024-12-23,EXIT,FORTIS,36.00,678.48,24425.17,697.14,678.48,-671.69,2880.00,27305.17,2024-12-20,13
2024-12-23,EXIT,KALYANKJIL,35.00,722.63,25291.99,770.29,722.63,-1668.29,27305.17,52597.16,2024-12-20,13
2024-12-23,ENTRY,DIXON,1.00,18036.09,18036.09,18036.09,,,58172.91,40136.82,2024-12-20,13
2024-12-23,ENTRY,MAXHEALTH,23.00,1170.27,26916.15,1170.27,,,40136.82,13220.67,2024-12-20,13
2025-01-21,EXIT,RADICO,11.00,2345.98,25805.83,2271.66,2345.98,817.60,13220.67,39026.50,2025-01-20,14
2025-01-21,ENTRY,NATIONALUM,134.00,197.16,26419.83,197.16,,,38238.48,11818.65,2025-01-20,14
2025-02-17,EXIT,COFORGE,15.00,1528.65,22929.82,1650.20,1528.65,-1823.22,11818.65,34748.48,2025-02-14,15
2025-02-17,EXIT,DIXON,1.00,13846.38,13846.38,18036.09,13846.38,-4189.71,34748.48,48594.85,2025-02-14,15
2025-02-17,EXIT,MAXHEALTH,24.00,983.91,23613.94,1170.27,983.91,-4472.48,48594.85,72208.79,2025-02-14,15
2025-02-17,EXIT,NATIONALUM,134.00,172.53,23118.91,197.16,172.53,-3300.92,72208.79,95327.70,2025-02-14,15
2025-02-17,ENTRY,JUBLFOOD,35.00,662.06,23172.09,662.06,,,95327.70,72155.62,2025-02-14,15
2025-02-17,ENTRY,LAURUSLABS,43.00,542.27,23317.63,542.27,,,72155.62,48837.99,2025-02-14,15
2025-02-17,ENTRY,SRF,8.00,2736.14,21889.14,2736.14,,,48837.99,26948.85,2025-02-14,15
2025-02-17,ENTRY,WIPRO,80.00,291.23,23298.09,291.23,,,26948.85,3650.76,2025-02-14,15
2025-03-19,EXIT,BSE,13.00,1380.00,17940.01,1604.04,1380.00,-2912.45,3650.76,21590.77,2025-03-18,16
2025-03-19,EXIT,JUBLFOOD,35.00,625.03,21876.04,662.06,625.03,-1296.05,21590.77,43466.81,2025-03-18,16
2025-03-19,EXIT,WIPRO,80.00,247.65,19812.07,291.23,247.65,-3486.02,43466.81,63278.87,2025-03-18,16
2025-03-19,ENTRY,BAJFINANCE,26.00,859.38,22343.93,859.38,,,69214.34,46870.41,2025-03-18,16
2025-03-19,ENTRY,BLUESTARCO,10.00,2136.06,21360.63,2136.06,,,46870.41,25509.78,2025-03-18,16
2025-03-19,ENTRY,INDIGO,4.00,4802.88,19211.53,4802.88,,,25509.78,6298.24,2025-03-18,16
2025-04-22,EXIT,BLUESTARCO,10.00,2021.33,20213.30,2136.06,2021.33,-1147.34,6298.24,26511.54,2025-04-21,17
2025-04-22,EXIT,LAURUSLABS,38.00,641.01,24358.21,542.27,641.01,3751.93,26511.54,50869.75,2025-04-21,17
2025-04-22,ENTRY,EICHERMOT,4.00,5677.17,22708.66,5677.17,,,51787.91,29079.25,2025-04-21,17
2025-04-22,ENTRY,GODFRYPHLP,9.00,2464.56,22181.03,2464.56,,,29079.25,6898.21,2025-04-21,17
2025-05-21,EXIT,BAJFINANCE,25.00,900.12,22502.91,859.38,900.12,1018.37,6898.21,29401.12,2025-05-20,18
2025-05-21,EXIT,EICHERMOT,4.00,5285.40,21141.60,5677.17,5285.40,-1567.06,29401.12,50542.73,2025-05-20,18
2025-05-21,ENTRY,BDL,13.00,1781.34,23157.39,1781.34,,,50435.52,27278.13,2025-05-20,18
2025-05-21,ENTRY,BSE,9.00,2460.19,22141.67,2460.19,,,27278.13,5136.46,2025-05-20,18
2025-06-18,EXIT,INDIGO,4.00,5299.04,21196.18,4802.88,5299.04,1984.65,5136.46,26332.64,2025-06-17,19
2025-06-18,EXIT,SRF,8.00,3080.80,24646.37,2736.14,3080.80,2757.23,26332.64,50979.01,2025-06-17,19
2025-06-18,ENTRY,ADANIPORTS,17.00,1381.18,23480.04,1381.18,,,52877.85,29397.80,2025-06-17,19
2025-06-18,ENTRY,MODEFENCE,241.00,98.90,23834.90,98.90,,,29397.80,5562.90,2025-06-17,19
2025-07-16,EXIT,ADANIPORTS,17.00,1441.43,24504.23,1381.18,1441.43,1024.18,5562.90,30067.13,2025-07-15,20
2025-07-16,EXIT,BSE,9.00,2543.30,22889.70,2460.19,2543.30,748.03,30067.13,52956.83,2025-07-15,20
2025-07-16,ENTRY,GLENMARK,11.00,2212.37,24336.03,2212.37,,,52424.54,28088.51,2025-07-15,20
2025-07-16,ENTRY,MCX,14.00,1654.21,23158.99,1654.21,,,28088.51,4929.52,2025-07-15,20
2025-08-13,EXIT,BDL,13.00,1513.79,19679.25,1781.34,1513.79,-3478.14,4929.52,24608.77,2025-08-12,21
2025-08-13,EXIT,GLENMARK,11.00,2059.89,22658.82,2212.37,2059.89,-1677.21,24608.77,47267.59,2025-08-12,21
2025-08-13,EXIT,GODFRYPHLP,7.00,3160.55,22123.85,2464.56,3160.55,4871.93,47267.59,69391.43,2025-08-12,21
2025-08-13,EXIT,MODEFENCE,260.00,84.34,21928.40,98.90,84.34,-3785.60,69391.43,91319.83,2025-08-12,21
2025-08-13,ENTRY,ETERNAL,74.00,305.90,22636.60,305.90,,,92960.51,70323.91,2025-08-12,21
2025-08-13,ENTRY,FORTIS,24.00,932.01,22368.27,932.01,,,70323.91,47955.64,2025-08-12,21
2025-08-13,ENTRY,GVT&D,8.00,2812.87,22502.97,2812.87,,,47955.64,25452.67,2025-08-12,21
2025-08-13,ENTRY,PRESTIGE,14.00,1626.18,22766.50,1626.18,,,25452.67,2686.17,2025-08-12,21
2025-09-12,EXIT,FORTIS,24.00,967.97,23231.36,932.01,967.97,863.08,2686.17,25917.53,2025-09-11,22
2025-09-12,EXIT,MCX,13.00,1506.41,19583.32,1654.21,1506.41,-1921.46,25917.53,45500.84,2025-09-11,22
2025-09-12,EXIT,PRESTIGE,14.00,1558.04,21812.54,1626.18,1558.04,-953.96,45500.84,67313.38,2025-09-11,22
2025-09-12,ENTRY,ABCAPITAL,78.00,290.95,22694.10,290.95,,,68948.88,46254.78,2025-09-11,22
2025-09-12,ENTRY,GLENMARK,10.00,2120.68,21206.83,2120.68,,,46254.78,25047.95,2025-09-11,22
2025-09-12,ENTRY,HEROMOTOCO,4.00,5129.11,20516.44,5129.11,,,25047.95,4531.51,2025-09-11,22
2025-10-13,EXIT,ABCAPITAL,78.00,292.00,22776.00,290.95,292.00,81.90,4531.51,27307.51,2025-10-10,23
2025-10-13,EXIT,GLENMARK,10.00,1933.08,19330.77,2120.68,1933.08,-1876.06,27307.51,46638.28,2025-10-10,23
2025-10-13,EXIT,GVT&D,8.00,3019.93,24159.40,2812.87,3019.93,1656.43,46638.28,70797.68,2025-10-10,23
2025-10-13,EXIT,HEROMOTOCO,4.00,5316.64,21266.57,5129.11,5316.64,750.13,70797.68,92064.25,2025-10-10,23
2025-10-13,ENTRY,FORTIS,21.00,1060.87,22278.37,1060.87,,,93106.75,70828.38,2025-10-10,23
2025-10-13,ENTRY,LTF,91.00,252.65,22991.04,252.65,,,70828.38,47837.34,2025-10-10,23
2025-10-13,ENTRY,MARUTI,1.00,16102.28,16102.28,16102.28,,,47837.34,31735.06,2025-10-10,23
2025-10-13,ENTRY,POLYCAB,3.00,7663.64,22990.91,7663.64,,,31735.06,8744.15,2025-10-10,23
2025-11-12,EXIT,ETERNAL,66.00,308.00,20328.00,305.90,308.00,138.60,8744.15,29072.15,2025-11-11,24
2025-11-12,EXIT,FORTIS,21.00,1003.04,21063.75,1060.87,1003.04,-1214.61,29072.15,50135.90,2025-11-11,24
2025-11-12,EXIT,LTF,91.00,293.48,26706.54,252.65,293.48,3715.50,50135.90,76842.44,2025-11-11,24
2025-11-12,EXIT,MARUTI,1.00,15518.15,15518.15,16102.28,15518.15,-584.13,76842.44,92360.59,2025-11-11,24
2025-11-12,EXIT,POLYCAB,3.00,7651.69,22955.08,7663.64,7651.69,-35.83,92360.59,115315.67,2025-11-11,24
2025-11-12,ENTRY,GVT&D,7.00,3114.29,21800.04,3114.29,,,115315.67,93515.63,2025-11-11,24
2025-11-12,ENTRY,IDEA,2265.00,10.18,23057.70,10.18,,,93515.63,70457.93,2025-11-11,24
2025-11-12,ENTRY,LAURUSLABS,23.00,993.01,22839.26,993.01,,,70457.93,47618.67,2025-11-11,24
2025-11-12,ENTRY,NATIONALUM,89.00,256.38,22817.87,256.38,,,47618.67,24800.80,2025-11-11,24
2025-11-12,ENTRY,PAYTM,17.00,1332.60,22654.20,1332.60,,,24800.80,2146.60,2025-11-11,24
2025-12-10,EXIT,GVT&D,7.00,2905.31,20337.16,3114.29,2905.31,-1462.88,2146.60,22483.76,2025-12-09,25
2025-12-10,EXIT,LAURUSLABS,23.00,1022.98,23528.57,993.01,1022.98,689.31,22483.76,46012.34,2025-12-09,25
2025-12-10,EXIT,PAYTM,17.00,1316.70,22383.90,1332.60,1316.70,-270.30,46012.34,68396.24,2025-12-09,25
2025-12-10,ENTRY,ASHOKLEY,147.00,157.32,23125.50,157.32,,,69521.84,46396.33,2025-12-09,25
2025-12-10,ENTRY,HEROMOTOCO,3.00,5827.04,17481.12,5827.04,,,46396.33,28915.21,2025-12-09,25
2025-12-10,ENTRY,LTF,76.00,304.32,23128.08,304.32,,,28915.21,5787.13,2025-12-09,25
2026-01-08,EXIT,HEROMOTOCO,3.00,5781.61,17344.82,5827.04,5781.61,-136.30,5787.13,23131.96,2026-01-07,26
2026-01-08,EXIT,LTF,76.00,309.61,23530.53,304.32,309.61,402.45,23131.96,46662.49,2026-01-07,26
2026-01-08,ENTRY,BHARATFORG,17.00,1473.84,25055.25,1473.84,,,51766.40,26711.15,2026-01-07,26
2026-01-08,ENTRY,SHRIRAMFIN,25.00,995.77,24894.18,995.77,,,26711.15,1816.97,2026-01-07,26
2026-03-09,EXIT,ASHOKLEY,133.00,187.26,24905.00,157.32,187.26,3981.92,2404.45,27309.44,2026-03-06,28
2026-03-09,EXIT,IDEA,2366.00,9.89,23399.74,10.18,9.89,-686.14,27309.44,50709.19,2026-03-06,28
2026-03-09,ENTRY,LUPIN,11.00,2293.37,25227.08,2293.37,,,55363.07,30135.99,2026-03-06,28
2026-03-09,ENTRY,POWERINDIA,1.00,25393.94,25393.94,25393.94,,,30135.99,4742.05,2026-03-06,28
2026-04-09,EXIT,LUPIN,11.00,2283.64,25120.06,2293.37,2283.64,-107.02,4742.05,29862.11,2026-04-08,29
2026-04-09,EXIT,POWERINDIA,1.00,26073.77,26073.77,25393.94,26073.77,679.84,29862.11,55935.89,2026-04-08,29
2026-04-09,EXIT,SHRIRAMFIN,28.00,1004.42,28123.71,995.77,1004.42,242.23,55935.89,84059.60,2026-04-08,29
2026-04-09,ENTRY,GVT&D,7.00,3752.71,26268.98,3752.71,,,82286.98,56018.00,2026-04-08,29
2026-04-09,ENTRY,LENSKART,53.00,506.00,26818.00,506.00,,,56018.00,29200.00,2026-04-08,29
2026-04-09,ENTRY,MCX,10.00,2593.64,25936.45,2593.64,,,29200.00,3263.55,2026-04-08,29
2026-05-08,EXIT,GVT&D,7.00,4768.20,33377.39,3752.71,4768.20,7108.41,3263.55,36640.94,2026-05-07,30
2026-05-08,EXIT,LENSKART,53.00,487.00,25811.00,506.00,487.00,-1007.00,36640.94,62451.94,2026-05-07,30
2026-05-08,EXIT,MCX,10.00,3061.50,30614.99,2593.64,3061.50,4678.54,62451.94,93066.92,2026-05-07,30
2026-05-08,EXIT,NATIONALUM,68.00,402.18,27348.09,256.38,402.18,9914.22,93066.92,120415.02,2026-05-07,30
2026-05-08,ENTRY,BSE,7.00,3953.19,27672.30,3953.19,,,120415.02,92742.72,2026-05-07,30
2026-05-08,ENTRY,OFSS,3.00,9500.50,28501.50,9500.50,,,92742.72,64241.22,2026-05-07,30
2026-05-08,ENTRY,POWERINDIA,0.00,34941.66,0.00,34941.66,,,64241.22,64241.22,2026-05-07,30
2026-05-08,ENTRY,SAIL,163.00,184.58,30087.04,184.58,,,64241.22,34154.18,2026-05-07,30
2026-06-05,EXIT,BHARATFORG,15.00,1922.27,28834.02,1473.84,1922.27,6726.44,34154.18,62988.20,2026-06-04,31
2026-06-05,EXIT,OFSS,3.00,10175.00,30525.00,9500.50,10175.00,2023.50,62988.20,93513.20,2026-06-04,31
2026-06-05,EXIT,SAIL,163.00,194.95,31776.42,184.58,194.95,1689.38,93513.20,125289.61,2026-06-04,31
2026-06-05,ENTRY,ADANIENT,10.00,2990.66,29906.63,2990.66,,,125289.61,95382.98,2026-06-04,31
2026-06-05,ENTRY,IDEA,2036.00,15.08,30702.88,15.08,,,95382.98,64680.10,2026-06-04,31
2026-06-05,ENTRY,LAURUSLABS,21.00,1435.00,30135.00,1435.00,,,64680.10,34545.10,2026-06-04,31
2026-07-03,EXIT,BSE,7.00,3859.83,27018.82,3953.19,3859.83,-653.48,34545.10,61563.92,2026-07-02,32
2026-07-03,EXIT,IDEA,2036.00,14.50,29522.00,15.08,14.50,-1180.88,61563.92,91085.92,2026-07-02,32
2026-07-03,EXIT,POWERINDIA,0.00,32077.34,0.00,34941.66,32077.34,-0.00,91085.92,91085.92,2026-07-02,32
2026-07-03,ENTRY,BHEL,77.00,400.71,30854.47,400.71,,,95807.92,64953.45,2026-07-02,32
2026-07-03,ENTRY,OFSS,2.00,11000.00,22000.00,11000.00,,,64953.45,42953.45,2026-07-02,32
2026-07-03,ENTRY,RADICO,7.00,3970.19,27791.34,3970.19,,,42953.45,15162.11,2026-07-02,32
2026-07-31,EXIT,BHEL,77.00,406.00,31262.00,400.71,406.00,407.53,15162.11,46424.11,2026-07-30,33
2026-07-31,ENTRY,KALYANKJIL,51.00,632.02,32233.08,632.02,,,46943.11,14710.04,2026-07-30,33
2026-08-28,EXIT,ADANIENT,10.00,3170.00,31700.00,2990.66,3170.00,1793.37,14710.04,46410.04,2026-08-27,34
2026-08-28,EXIT,OFSS,2.00,11876.00,23752.00,11000.00,11876.00,1752.00,46410.04,70162.04,2026-08-27,34
2026-08-28,EXIT,RADICO,7.00,4600.80,32205.60,3970.19,4600.80,4414.26,70162.04,102367.64,2026-08-27,34
2026-08-28,ENTRY,COFORGE,17.00,1915.00,32555.00,1915.00,,,103036.48,70481.48,2026-08-27,34
2026-08-28,ENTRY,IDEA,2252.00,15.03,33847.56,15.03,,,70481.48,36633.92,2026-08-27,34
2026-08-28,ENTRY,PAYTM,20.00,1685.00,33700.00,1685.00,,,36633.92,2933.92,2026-08-27,34
2026-09-25,EXIT,IDEA,2252.00,14.15,31865.80,15.03,14.15,-1981.76,2933.92,34799.72,2026-09-24,35
2026-09-25,ENTRY,ETERNAL,98.00,335.60,32888.80,335.60,,,34472.92,1584.12,2026-09-24,35
