date,signal_date,rebalance_number,holdings_count,holdings,invested_value,cash_balance,portfolio_value,account_equity,period_return_pct,cumulative_return_pct
2010-05-17,2010-05-14,1,5,COROMANDEL:135.00|TITAN:192.00|BAJAJFINSV:391.00|ADANIENT:266.00|SUPREMEIND:252.00,99853.43,146.57,100000.00,100000.00,0.00,0.00
2010-06-14,2010-06-11,2,5,EICHERMOT:263.00|BAJFINANCE:4735.00|COROMANDEL:122.00|TITAN:189.00|DRREDDY:76.00,98138.11,477.37,98615.48,98615.48,-1.39,-1.39
2010-07-12,2010-07-09,3,5,COROMANDEL:120.00|BAJFINANCE:4742.00|JUBLFOOD:664.00|HINDPETRO:611.00|EICHERMOT:257.00,107490.15,293.50,107783.65,107783.65,9.34,7.83
2010-08-09,2010-08-06,4,5,BAJFINANCE:4499.00|COROMANDEL:117.00|PAGEIND:22.00|EICHERMOT:266.00|TITAN:182.00,118047.91,796.35,118844.26,118844.26,10.29,18.92
2010-09-06,2010-09-03,5,5,TRENT:237.00|HINDPETRO:675.00|EICHERMOT:231.00|GODREJPROP:74.00|COROMANDEL:119.00,130748.02,728.56,131476.58,131476.58,10.70,31.65
2010-10-05,2010-10-04,6,5,BAJFINANCE:3808.00|JUBLFOOD:554.00|ASTRAL:1669.00|EICHERMOT:215.00|COROMANDEL:111.00,130888.74,140.29,131029.02,131029.02,-0.34,31.20
2010-11-02,2010-11-01,7,5,JUBLFOOD:516.00|BAJFINANCE:3780.00|SRF:414.00|TITAN:152.00|TMPV:125.00,134895.92,181.25,135077.17,135077.17,3.09,35.25
2010-12-02,2010-12-01,8,5,JUBLFOOD:444.00|TMPV:113.00|PAGEIND:22.00|M&MFIN:342.00|SRF:491.00,134568.67,532.97,135101.64,135101.64,0.02,35.28
2010-12-31,2010-12-30,9,5,HINDALCO:123.00|SUNPHARMA:122.00|TCS:64.00|SRF:481.00|NESTLEIND:170.00,132730.75,664.64,133395.39,133395.39,-1.27,33.56
2011-01-31,2011-01-28,10,5,TCS:59.00|PAGEIND:19.00|SRF:488.00|HINDALCO:127.00|SUNPHARMA:128.00,122507.02,854.81,123361.84,123361.84,-7.56,23.47
2011-02-28,2011-02-25,11,5,PAGEIND:18.00|TCS:62.00|NATIONALUM:476.00|NESTLEIND:160.00|TITAN:155.00,120246.08,193.94,120440.02,120440.02,-2.39,20.52
2011-03-29,2011-03-28,12,5,HCLTECH:298.00|PAGEIND:18.00|BAJAJFINSV:479.00|GRASIM:70.00|COALINDIA:209.00,120203.66,457.97,120661.63,120661.63,0.18,20.74
2011-04-29,2011-04-28,13,5,JUBLFOOD:384.00|LICHSGFIN:144.00|TITAN:131.00|COALINDIA:204.00|HCLTECH:290.00,125901.81,475.30,126377.11,126377.11,4.75,26.49
2011-05-27,2011-05-26,14,5,JUBLFOOD:330.00|LICHSGFIN:156.00|COALINDIA:206.00|TITAN:133.00|FORTIS:167.00,131357.52,472.07,131829.59,131829.59,4.33,31.96
2011-06-24,2011-06-23,15,5,JUBLFOOD:337.00|TITAN:124.00|ASTRAL:1709.00|GODFRYPHLP:208.00|COROMANDEL:103.00,132439.36,469.88,132909.24,132909.24,0.82,33.05
2011-07-22,2011-07-21,16,5,GODFRYPHLP:176.00|ASTRAL:1656.00|JUBLFOOD:346.00|PAGEIND:15.00|GODREJPROP:81.00,145256.53,1376.40,146632.92,146632.92,10.36,46.83
2011-08-22,2011-08-19,17,5,GODFRYPHLP:172.00|JUBLFOOD:324.00|PAGEIND:13.00|IDEA:529.00|SUPREMEIND:176.00,147017.93,653.16,147671.09,147671.09,0.71,47.88
2011-09-21,2011-09-20,18,5,GODFRYPHLP:159.00|PAGEIND:13.00|IDEA:522.00|SUPREMEIND:179.00|JUBLFOOD:340.00,150871.22,1599.87,152471.09,152471.09,3.26,52.71
2011-10-20,2011-10-19,19,5,GODFRYPHLP:153.00|PAGEIND:13.00|IDEA:528.00|BAJAJ-AUTO:25.00|COFORGE:840.00,142957.02,2718.68,145675.71,145675.71,-4.50,45.83
2011-11-23,2011-11-22,20,5,PAGEIND:12.00|PIIND:309.00|EICHERMOT:195.00|IDEA:487.00|HINDUNILVR:96.00,140523.17,1788.69,142311.85,142311.85,-2.35,42.40
2011-12-22,2011-12-21,21,5,HINDUNILVR:87.00|PAGEIND:13.00|BAJAJ-AUTO:24.00|GRASIM:80.00|WIPRO:436.00,132476.44,1933.21,134409.64,134409.64,-5.62,34.39
2012-01-19,2012-01-18,22,5,TMPV:134.00|HINDUNILVR:89.00|WIPRO:432.00|APOLLOHOSP:45.00|HAVELLS:365.00,135856.56,481.09,136337.65,136337.65,1.46,36.35
2012-02-17,2012-02-16,23,5,TMPV:116.00|HAVELLS:319.00|JUBLFOOD:303.00|JSWSTEEL:417.00|TATACONSUM:303.00,153220.00,390.57,153610.57,153610.57,12.71,53.69
2012-03-20,2012-03-19,24,5,TMPV:111.00|HAVELLS:287.00|MOTILALOFS:258.00|JUBLFOOD:289.00|JSWENERGY:530.00,148053.44,375.73,148429.17,148429.17,-3.38,48.49
2012-04-19,2012-04-18,25,5,TMPV:99.00|BAJAJFINSV:423.00|PRESTIGE:247.00|GMRAIRPORT:1088.00|JUBLFOOD:256.00,145244.96,429.28,145674.24,145674.24,-1.86,45.73
2012-05-18,2012-05-17,26,5,BAJAJFINSV:363.00|COFORGE:544.00|JUBLFOOD:226.00|MRF:2.00|ASTRAL:1513.00,118556.44,4817.07,123373.51,123373.51,-15.35,23.35
2012-06-15,2012-06-14,27,5,COFORGE:571.00|ASIANPAINT:74.00|BAJAJFINSV:405.00|MRF:2.00|JUBLFOOD:213.00,122619.80,5474.91,128094.71,128094.71,3.98,28.26
2012-07-13,2012-07-12,28,5,JUBLFOOD:213.00|GLENMARK:69.00|BAJFINANCE:2913.00|ASTRAL:1253.00|PERSISTENT:307.00,128999.76,380.86,129380.62,129380.62,1.05,29.61
2012-08-10,2012-08-09,29,5,GLENMARK:68.00|BAJAJFINSV:316.00|SUPREMEIND:123.00|HINDUNILVR:72.00|PERSISTENT:340.00,135690.81,383.88,136074.69,136074.69,5.19,36.33
2012-09-11,2012-09-10,30,5,ASTRAL:1094.00|TECHM:186.00|ULTRACEMCO:16.00|GLENMARK:68.00|BAJFINANCE:2925.00,138013.57,1852.42,139865.99,139865.99,2.79,40.14
2012-10-11,2012-10-10,31,5,TATACONSUM:228.00|JSWENERGY:584.00|GRASIM:64.00|MCX:129.00|TECHM:186.00,150577.04,678.02,151255.06,151255.06,8.25,51.71
2012-11-12,2012-11-09,32,5,ASTRAL:926.00|AUROPHARMA:391.00|M&MFIN:317.00|TATACONSUM:217.00|PRESTIGE:205.00,154917.01,212.83,155129.84,155129.84,2.57,55.61
2012-12-13,2012-12-12,33,5,LTF:435.00|AUROPHARMA:360.00|ADANIENT:875.00|ASTRAL:978.00|TATACONSUM:221.00,162376.50,203.90,162580.40,162580.40,4.81,63.10
2013-01-11,2013-01-10,34,5,LTF:435.00|ADANIENT:873.00|AUROPHARMA:359.00|PHOENIXLTD:256.00|NHPC:2293.00,159120.07,128.08,159248.15,159248.15,-2.05,59.75
2013-02-08,2013-02-07,35,5,LTF:488.00|NHPC:2073.00|SUZLON:1328.00|PHOENIXLTD:244.00|AUROPHARMA:350.00,154082.52,187.16,154269.68,154269.68,-3.13,54.75
2013-03-08,2013-03-07,36,5,LTF:399.00|IDEA:395.00|WIPRO:375.00|PHOENIXLTD:219.00|GLENMARK:55.00,133139.77,438.37,133578.14,133578.14,-13.43,33.97
2013-04-09,2013-04-08,37,5,ONGC:222.00|GMRAIRPORT:1333.00|SUNPHARMA:64.00|PIIND:210.00|PHOENIXLTD:209.00,125102.76,294.60,125397.36,125397.36,-6.14,25.74
2013-05-10,2013-05-09,38,5,SUNPHARMA:60.00|HCLTECH:195.00|OIL:276.00|DABUR:192.00|CONCOR:129.00,131436.41,747.40,132183.80,132183.80,5.42,32.56
2013-06-07,2013-06-06,39,5,ASTRAL:584.00|SUNPHARMA:58.00|EICHERMOT:85.00|CONCOR:127.00|HINDUNILVR:57.00,133870.83,749.15,134619.98,134619.98,1.85,35.02
2013-07-05,2013-07-04,40,5,ASTRAL:560.00|LUPIN:35.00|M&MFIN:204.00|HINDUNILVR:56.00|PAGEIND:7.00,137609.38,2183.86,139793.25,139793.25,3.86,40.23
2013-08-02,2013-08-01,41,5,IDEA:268.00|ASTRAL:576.00|LUPIN:34.00|HINDUNILVR:54.00|PAGEIND:7.00,139282.33,880.33,140162.66,140162.66,0.27,40.61
2013-09-03,2013-09-02,42,5,TCS:34.00|ASTRAL:569.00|HINDUNILVR:50.00|IDEA:279.00|HEROMOTOCO:19.00,128946.54,1839.14,130785.68,130785.68,-6.73,31.14
2013-10-03,2013-10-01,43,5,HCLTECH:141.00|IDEA:260.00|COROMANDEL:134.00|HEROMOTOCO:19.00|BIOCON:499.00,132565.52,1202.46,133767.98,133767.98,2.31,34.18
2013-11-01,2013-10-31,44,5,PERSISTENT:153.00|PIIND:137.00|TATACOMM:195.00|RADICO:192.00|BHARATFORG:197.00,133330.40,444.33,133774.72,133774.72,0.01,34.18
2013-12-03,2013-12-02,45,5,TATACOMM:184.00|AUROPHARMA:197.00|PIIND:129.00|TATASTEEL:1017.00|PERSISTENT:151.00,141793.30,221.85,142015.15,142015.15,6.18,42.48
2014-01-01,2013-12-31,46,5,TATAELXSI:176.00|AUROPHARMA:171.00|GMRAIRPORT:1447.00|JSWSTEEL:355.00|PIIND:135.00,157842.94,365.47,158208.41,158208.41,11.42,58.75
2014-01-29,2014-01-28,47,5,AUROPHARMA:150.00|TATAELXSI:176.00|ADANIENT:880.00|PIIND:134.00|NAUKRI:313.00,149571.81,513.79,150085.60,150085.60,-5.15,50.58
2014-02-26,2014-02-25,48,5,TATAELXSI:162.00|AUROPHARMA:145.00|NAUKRI:288.00|KEI:2945.00|VOLTAS:298.00,176978.95,263.79,177242.74,177242.74,18.16,77.92
2014-03-28,2014-03-27,49,5,TATAELXSI:157.00|SRF:593.00|AUROPHARMA:150.00|ASTRAL:348.00|VOLTAS:256.00,184703.89,423.09,185126.98,185126.98,4.45,85.84
2014-04-30,2014-04-29,50,5,KEI:2141.00|SRF:551.00|ADANIENT:660.00|TATAELXSI:168.00|AUROPHARMA:149.00,203417.72,149.39,203567.10,203567.10,9.98,104.40
2014-05-29,2014-05-28,51,5,KEI:1811.00|SRF:536.00|ADANIENT:678.00|HINDPETRO:1300.00|MOTILALOFS:294.00,226395.49,275.45,226670.94,226670.94,11.36,127.61
2014-06-26,2014-06-25,52,5,SUZLON:1847.00|MOTILALOFS:242.00|SRF:529.00|ADANIENT:762.00|BLUESTARCO:402.00,250068.60,153.84,250222.44,250222.44,10.40,151.29
2014-07-24,2014-07-23,53,5,KEI:1595.00|MOTILALOFS:229.00|SRF:470.00|BLUESTARCO:381.00|BHARATFORG:161.00,254923.75,477.44,255401.19,255401.19,2.07,156.50
2014-08-25,2014-08-22,54,5,MOTILALOFS:271.00|BHARATFORG:149.00|KEI:1741.00|PIIND:126.00|BLUESTARCO:360.00,266192.90,321.85,266514.75,266514.75,4.36,167.68
2014-09-23,2014-09-22,55,5,BHARATFORG:149.00|SRF:413.00|KEI:1671.00|MOTILALOFS:281.00|PHOENIXLTD:312.00,285733.22,307.57,286040.80,286040.80,7.34,187.31
2014-10-28,2014-10-27,56,5,EICHERMOT:47.00|CIPLA:93.00|PAGEIND:7.00|MCX:381.00|PIIND:129.00,270422.32,1851.45,272273.76,272273.76,-4.82,173.47
2014-11-27,2014-11-26,57,5,EICHERMOT:44.00|SRF:340.00|AUROPHARMA:114.00|ASHOKLEY:2761.00|HINDPETRO:1279.00,288662.77,488.57,289151.34,289151.34,6.24,190.54
2014-12-26,2014-12-24,58,5,EICHERMOT:42.00|PAGEIND:5.00|BAJFINANCE:1767.00|BEL:2558.00|AUROPHARMA:113.00,285418.06,4410.18,289828.24,289828.24,0.23,191.22
2015-01-23,2015-01-22,59,5,KEI:1157.00|PAGEIND:5.00|BAJFINANCE:1681.00|PERSISTENT:154.00|EICHERMOT:44.00,302412.61,11721.97,314134.59,314134.59,8.52,216.02
2015-02-24,2015-02-23,60,5,SUZLON:2641.00|TATAELXSI:140.00|BHARATFORG:108.00|JSWENERGY:634.00|BAJFINANCE:1587.00,317511.70,831.52,318343.22,318343.22,1.39,220.42
2015-03-24,2015-03-23,61,5,SUZLON:2593.00|TATAELXSI:135.00|PIIND:100.00|JSWENERGY:621.00|PAGEIND:5.00,323184.21,2513.78,325697.99,325697.99,2.32,227.84
2015-04-24,2015-04-23,62,5,TATAELXSI:128.00|SUZLON:2638.00|FORTIS:387.00|ADANIENT:645.00|UPL:240.00,312638.49,456.01,313094.50,313094.50,-3.90,215.05
2015-05-25,2015-05-22,63,5,TATAELXSI:128.00|SUZLON:3009.00|UPL:216.00|FORTIS:408.00|ADANIENT:605.00,344832.36,612.96,345445.32,345445.32,10.35,247.66
2015-06-22,2015-06-19,64,5,TATAELXSI:113.00|FORTIS:352.00|PAGEIND:4.00|VOLTAS:189.00|SUZLON:2798.00,292570.34,6190.88,298761.22,298761.22,-13.54,200.59
2015-07-20,2015-07-17,65,5,SRF:249.00|HINDPETRO:827.00|AUROPHARMA:85.00|EICHERMOT:31.00|KEI:760.00,307137.44,2125.86,309263.30,309263.30,3.59,211.38
2015-08-17,2015-08-14,66,5,COFORGE:736.00|BAJAJFINSV:332.00|KEI:637.00|HINDPETRO:862.00|GLENMARK:59.00,323268.20,596.51,323864.71,323864.71,4.75,226.18
2015-09-14,2015-09-11,67,5,TATAELXSI:67.00|KEI:611.00|HINDPETRO:848.00|BAJAJFINSV:333.00|SRF:269.00,296919.73,501.47,297421.20,297421.20,-8.18,199.50
2015-10-15,2015-10-14,68,5,KEI:561.00|TATAELXSI:73.00|GODFRYPHLP:309.00|GODREJPROP:180.00|AUROPHARMA:78.00,300807.68,1705.00,302512.68,302512.68,1.71,204.64
2015-11-17,2015-11-16,69,5,GODFRYPHLP:206.00|COFORGE:648.00|KEI:653.00|GODREJPROP:211.00|TRENT:482.00,337097.08,291.05,337388.13,337388.13,11.59,239.96
2015-12-16,2015-12-15,70,5,GODFRYPHLP:179.00|APLAPOLLO:1089.00|TRENT:477.00|COFORGE:688.00|GODREJPROP:215.00,356603.88,518.88,357122.77,357122.77,5.85,259.86
2016-01-14,2016-01-13,71,5,GODFRYPHLP:195.00|APLAPOLLO:982.00|TRENT:435.00|RELIANCE:308.00|NHPC:6107.00,353056.00,338.48,353394.48,353394.48,-1.05,256.09
2016-02-12,2016-02-11,72,5,GODFRYPHLP:215.00|APLAPOLLO:1087.00|BAJFINANCE:1018.00|NHPC:5263.00|JSWSTEEL:672.00,303590.28,165.01,303755.29,303755.29,-14.06,206.03
2016-03-14,2016-03-11,73,5,JSWSTEEL:649.00|GODFRYPHLP:199.00|APLAPOLLO:1089.00|BAJFINANCE:1116.00|NHPC:5389.00,343748.17,345.32,344093.49,344093.49,13.29,246.69
2016-04-13,2016-04-12,74,5,TATASTEEL:3233.00|BAJFINANCE:1070.00|APLAPOLLO:1049.00|NHPC:5260.00|MARICO:341.00,381227.75,290.54,381518.29,381518.29,10.89,284.44
2016-05-16,2016-05-13,75,5,UPL:218.00|SUPREMEIND:96.00|BAJFINANCE:1034.00|TATASTEEL:3274.00|BIOCON:738.00,380294.44,903.04,381197.48,381197.48,-0.08,284.11
2016-06-13,2016-06-10,76,5,HINDALCO:738.00|M&MFIN:458.00|BIOCON:672.00|COROMANDEL:362.00|TMPV:178.00,390736.46,362.09,391098.55,391098.55,2.60,294.11
2016-07-12,2016-07-11,77,5,INDIANB:665.00|HINDALCO:690.00|APLAPOLLO:920.00|HINDPETRO:878.00|TMPV:177.00,419845.10,427.64,420272.74,420272.74,7.47,323.54
2016-08-09,2016-08-08,78,5,INDIANB:593.00|BIOCON:698.00|HINDALCO:688.00|HINDPETRO:799.00|COROMANDEL:419.00,482283.04,411.68,482694.72,482694.72,14.87,386.51
2016-09-08,2016-09-07,79,5,INDIANB:534.00|GODFRYPHLP:244.00|HINDALCO:683.00|BIOCON:674.00|HINDPETRO:899.00,516050.59,236.79,516287.38,516287.38,6.97,420.40
2016-10-07,2016-10-06,80,5,INDIANB:563.00|MRF:1.00|RADICO:782.00|HINDALCO:678.00|HINDPETRO:806.00,458662.51,47861.75,506524.26,506524.26,-1.89,410.55
2016-11-09,2016-11-08,81,5,MOTILALOFS:202.00|MRF:1.00|GODFRYPHLP:260.00|ADANIPORTS:362.00|NMDC:5564.00,415411.49,45477.80,460889.29,460889.29,-9.95,359.75
2016-12-08,2016-12-07,82,5,INDIANB:455.00|NATIONALUM:2282.00|MRF:1.00|TATACOMM:258.00|ONGC:763.00,414974.47,42074.14,457048.60,457048.60,-0.92,355.50
2017-01-05,2017-01-04,83,5,NATIONALUM:2359.00|MRF:1.00|MCX:388.00|ONGC:752.00|TATACOMM:256.00,404050.70,38923.85,442974.56,442974.56,-3.39,340.05
2017-02-03,2017-02-02,84,5,NATIONALUM:2232.00|TATACOMM:225.00|COROMANDEL:317.00|HINDPETRO:622.00|INDIANB:401.00,469445.10,822.79,470267.89,470267.89,6.75,369.78
2017-03-06,2017-03-03,85,5,NATIONALUM:2112.00|IDEA:1414.00|KEI:556.00|ALKEM:48.00|INDIANB:397.00,470981.10,1606.61,472587.71,472587.71,0.49,372.10
2017-04-05,2017-04-03,86,5,ADANIENT:1537.00|KEI:490.00|BLUESTARCO:280.00|MOTILALOFS:125.00|TRENT:342.00,458666.28,659.42,459325.69,459325.69,-2.82,358.81
2017-05-05,2017-05-04,87,5,KEI:460.00|MOTILALOFS:106.00|GODREJPROP:182.00|TITAN:202.00|ADANIENT:1598.00,482914.43,1499.83,484414.26,484414.26,5.47,383.90
2017-06-02,2017-06-01,88,5,MOTILALOFS:95.00|ASTRAL:355.00|PRESTIGE:402.00|ADANIENT:1570.00|VOLTAS:202.00,490398.33,645.17,491043.50,491043.50,1.37,390.55
2017-07-03,2017-06-30,89,5,MOTILALOFS:92.00|ASTRAL:332.00|PRESTIGE:418.00|ADANIENT:1451.00|INDIGO:91.00,510858.64,1726.98,512585.61,512585.61,4.39,412.10
2017-07-31,2017-07-28,90,5,MOTILALOFS:97.00|APLAPOLLO:657.00|INDIGO:82.00|INDUSTOWER:362.00|GODREJPROP:199.00,516583.35,1905.88,518489.23,518489.23,1.16,418.01
2017-08-30,2017-08-29,91,5,MOTILALOFS:88.00|TATASTEEL:2165.00|RADICO:650.00|JUBLFOOD:775.00|ASHOKLEY:2307.00,515429.72,230.37,515660.08,515660.08,-0.55,415.18
2017-09-27,2017-09-26,92,5,LTF:630.00|KEI:334.00|TATACONSUM:551.00|JUBLFOOD:768.00|TATASTEEL:2135.00,527848.45,617.64,528466.09,528466.09,2.48,427.98
2017-10-27,2017-10-26,93,5,JUBLFOOD:689.00|RADICO:555.00|KEI:357.00|TATASTEEL:2059.00|BHARTIARTL:260.00,565400.26,542.83,565943.08,565943.08,7.10,465.46
2017-11-24,2017-11-23,94,5,RADICO:441.00|TITAN:154.00|KEI:367.00|GODREJPROP:168.00|BANKINDIA:693.00,603540.06,1552.08,605092.13,605092.13,6.92,504.62
2017-12-22,2017-12-21,95,5,RADICO:432.00|KEI:343.00|BIOCON:447.00|SAIL:1676.00|PAGEIND:5.00,591183.63,8239.69,599423.31,599423.31,-0.94,498.94
2018-01-22,2018-01-19,96,5,RADICO:365.00|BIOCON:462.00|JUBLFOOD:615.00|ADANIENT:1221.00|COFORGE:978.00,647853.42,718.89,648572.31,648572.31,8.31,548.73
2018-02-21,2018-02-20,97,5,RADICO:392.00|ADANIENT:1185.00|BIOCON:461.00|MPHASIS:180.00|TITAN:156.00,633122.63,510.87,633633.50,633633.50,-2.31,533.77
2018-03-22,2018-03-21,98,5,RADICO:370.00|COFORGE:726.00|BIOCON:434.00|JUBLFOOD:574.00|ASHOKLEY:2000.00,623161.52,450.66,623612.18,623612.18,-1.58,523.74
2018-04-23,2018-04-20,99,5,COFORGE:769.00|RADICO:324.00|JUBLFOOD:579.00|ASHOKLEY:2116.00|JSWSTEEL:475.00,693633.50,726.91,694360.41,694360.41,11.35,594.55
2018-05-22,2018-05-21,100,5,MPHASIS:154.00|JUBLFOOD:542.00|KOTAKBANK:527.00|RADICO:340.00|PHOENIXLTD:379.00,667472.04,917.55,668389.58,668389.58,-3.74,568.55
2018-06-19,2018-06-18,101,5,JUBLFOOD:491.00|NESTLEIND:297.00|PAGEIND:5.00|BAJFINANCE:620.00|COFORGE:664.00,657019.90,13684.59,670704.49,670704.49,0.35,570.87
2018-07-17,2018-07-16,102,5,BAJFINANCE:583.00|MPHASIS:143.00|JUBLFOOD:502.00|PAGEIND:5.00|HINDUNILVR:90.00,687108.35,13265.12,700373.47,700373.47,4.52,601.16
2018-08-14,2018-08-13,103,5,COFORGE:631.00|BAJFINANCE:555.00|ADANIENT:1206.00|DABUR:366.00|RELIANCE:282.00,743095.11,674.58,743769.69,743769.69,6.32,645.45
2018-09-14,2018-09-12,104,5,ADANIENT:1063.00|PAGEIND:5.00|BAJFINANCE:616.00|MPHASIS:153.00|NAUKRI:503.00,782791.13,3484.92,786276.05,786276.05,5.72,688.09
2018-10-16,2018-10-15,105,5,ADANIENT:956.00|AUROPHARMA:198.00|TIINDIA:501.00|NAUKRI:482.00|WIPRO:1323.00,718429.82,588.53,719018.35,719018.35,-8.59,620.37
2018-11-15,2018-11-14,106,5,ADANIENT:899.00|ICICIBANK:410.00|TIINDIA:504.00|AUROPHARMA:191.00|HAVELLS:224.00,716934.25,1448.38,718382.63,718382.63,-0.09,619.74
2018-12-14,2018-12-13,107,5,TIINDIA:439.00|APOLLOHOSP:121.00|SRF:343.00|ADANIENT:946.00|WIPRO:1267.00,728101.66,1068.23,729169.89,729169.89,1.50,630.57
2019-01-14,2019-01-11,108,5,FEDERALBNK:1604.00|COLPAL:127.00|UPL:295.00|INDIGO:135.00|AUROPHARMA:192.00,709831.52,2008.36,711839.88,711839.88,-2.38,613.18
2019-02-11,2019-02-08,109,5,INDIGO:120.00|TITAN:138.00|SRF:330.00|RADICO:339.00|GODREJPROP:188.00,711822.09,2424.33,714246.42,714246.42,0.34,615.59
2019-03-13,2019-03-12,110,5,IDFCFIRSTB:2914.00|INDIGO:113.00|KEI:338.00|GODFRYPHLP:478.00|UPL:260.00,719549.89,862.80,720412.69,720412.69,0.87,621.79
2019-04-12,2019-04-11,111,5,IDFCFIRSTB:2793.00|GODREJPROP:165.00|INDIGO:107.00|ATGL:1164.00|SUZLON:24188.00,754598.68,544.47,755143.14,755143.14,4.83,656.63
2019-05-16,2019-05-15,112,5,SRF:249.00|INDIGO:85.00|NAUKRI:360.00|GODREJPROP:163.00|ICICIGI:128.00,670551.12,1577.49,672128.61,672128.61,-11.00,573.39
2019-06-14,2019-06-13,113,5,ATGL:838.00|APLAPOLLO:957.00|SRF:255.00|BAJFINANCE:424.00|INDIGO:87.00,730099.43,1246.47,731345.90,731345.90,8.83,632.86
2019-07-12,2019-07-11,114,5,ATGL:835.00|KEI:299.00|TRENT:305.00|SBIN:414.00|TATACONSUM:564.00,680836.50,543.74,681380.24,681380.24,-6.84,582.71
2019-08-09,2019-08-08,115,5,HDFCLIFE:257.00|ATGL:822.00|TATACONSUM:514.00|BHARTIARTL:377.00|SRF:236.00,661901.94,795.33,662697.27,662697.27,-2.74,563.97
2019-09-12,2019-09-11,116,5,HDFCLIFE:239.00|TATACONSUM:516.00|APOLLOHOSP:82.00|TRENT:277.00|BEL:3950.00,634153.63,832.22,634985.85,634985.85,-4.19,536.18
2019-10-14,2019-10-11,117,5,HDFCLIFE:227.00|TRENT:257.00|ASIANPAINT:77.00|COLPAL:101.00|PIIND:100.00,650862.68,2885.48,653748.17,653748.17,2.96,555.00
2019-11-13,2019-11-11,118,5,GMRAIRPORT:6796.00|COLPAL:97.00|POLYCAB:157.00|ADANIENT:645.00|MCX:631.00,666688.39,780.81,667469.19,667469.19,2.11,568.81
2019-12-11,2019-12-10,119,5,GODFRYPHLP:345.00|POLYCAB:140.00|DIXON:189.00|ADANIENT:649.00|TIINDIA:273.00,651910.99,770.02,652681.01,652681.01,-2.22,553.97
2020-01-09,2020-01-08,120,5,POLYCAB:145.00|DIXON:163.00|TATACOMM:353.00|GMRAIRPORT:6153.00|TMPV:758.00,681718.39,1602.29,683320.68,683320.68,4.70,584.71
2020-02-06,2020-02-05,121,5,AUBANK:252.00|DIXON:148.00|BHARTIARTL:274.00|ADANIENT:589.00|TATAELXSI:146.00,691923.00,1446.81,693369.81,693369.81,1.47,594.80
2020-03-06,2020-03-05,122,5,AUBANK:227.00|IRCTC:497.00|BHARTIARTL:263.00|TIINDIA:256.00|SRF:170.00,642076.23,1569.42,643645.65,643645.65,-7.19,544.87
2020-04-08,2020-04-07,123,5,IRCTC:397.00|DRREDDY:133.00|NESTLEIND:116.00|DIXON:119.00|BHARTIARTL:201.00,449551.17,2062.59,451613.75,451613.75,-29.91,352.00
2020-05-11,2020-05-08,124,5,AUROPHARMA:159.00|IRCTC:403.00|SUZLON:41171.00|NESTLEIND:121.00|BHARTIARTL:199.00,500412.38,491.10,500903.49,500903.49,10.96,401.56
2020-06-09,2020-06-08,125,5,IDEA:9723.00|SUZLON:30413.00|IRCTC:407.00|AUROPHARMA:164.00|DIXON:119.00,599511.57,890.22,600401.79,600401.79,19.88,501.29
2020-07-07,2020-07-06,126,5,SUZLON:25368.00|IDEA:12597.00|CIPLA:202.00|DIXON:103.00|RELIANCE:147.00,616004.26,1285.77,617290.03,617290.03,2.82,518.23
2020-08-04,2020-08-03,127,5,TATACOMM:172.00|LAURUSLABS:657.00|DIXON:80.00|BDL:690.00|RELIANCE:142.00,649426.58,1750.88,651177.46,651177.46,5.50,552.23
2020-09-01,2020-08-31,128,5,IDEA:12377.00|LAURUSLABS:606.00|ADANIENT:478.00|PERSISTENT:293.00|TATAPOWER:2349.00,667864.32,495.05,668359.38,668359.38,2.65,569.49
2020-09-29,2020-09-28,129,5,LAURUSLABS:510.00|KPITTECH:1383.00|ADANIENT:499.00|APLAPOLLO:540.00|TIINDIA:241.00,746362.93,1155.97,747518.90,747518.90,11.85,648.84
2020-10-28,2020-10-27,130,5,LAURUSLABS:482.00|ADANIENT:490.00|PERSISTENT:272.00|APLAPOLLO:508.00|DIXON:80.00,766109.91,1793.56,767903.47,767903.47,2.73,669.30
2020-11-25,2020-11-24,131,5,ADANIENT:410.00|ATGL:490.00|LAURUSLABS:582.00|APLAPOLLO:528.00|INDIGO:101.00,835192.99,806.93,835999.92,835999.92,8.89,737.68
2020-12-24,2020-12-23,132,5,ATGL:504.00|ADANIENT:403.00|TATAELXSI:111.00|INDUSINDBK:225.00|LAURUSLABS:549.00,934059.88,1632.36,935692.24,935692.24,11.94,837.66
2021-01-22,2021-01-21,133,5,TATAELXSI:87.00|SUZLON:35535.00|TMPV:741.00|SHRIRAMFIN:971.00|ADANIENT:401.00,1066835.82,1774.68,1068610.50,1068610.50,14.23,971.09
2021-02-22,2021-02-19,134,5,ATGL:471.00|ADANIENT:301.00|INDIANB:1974.00|TMPV:777.00|DIXON:60.00,1178933.18,4451.03,1183384.21,1183384.21,10.76,1086.33
2021-03-23,2021-03-22,135,5,ATGL:330.00|ADANIENT:275.00|DIXON:67.00|TMPV:924.00|APLAPOLLO:438.00,1367821.33,5619.36,1373440.69,1373440.69,16.12,1277.58
2021-04-26,2021-04-23,136,5,ATGL:262.00|ADANIENT:260.00|TATAELXSI:98.00|APLAPOLLO:476.00|TMPV:1042.00,1504684.35,2851.59,1507535.94,1507535.94,9.80,1412.63
2021-05-25,2021-05-24,137,5,ATGL:244.00|ADANIENT:250.00|BHEL:4554.00|KPITTECH:1374.00|JSWENERGY:2892.00,1636887.48,1677.18,1638564.66,1638564.66,8.71,1544.35
2021-06-22,2021-06-21,138,5,ATGL:262.00|ADANIENT:233.00|JSWENERGY:2342.00|KPITTECH:1511.00|BHEL:5333.00,1807478.68,2573.89,1810052.57,1810052.57,10.48,1716.62
2021-07-20,2021-07-19,139,5,BSE:2415.00|JSWENERGY:1788.00|LAURUSLABS:519.00|KPITTECH:1311.00|TATASTEEL:3104.00,1701871.27,679.15,1702550.43,1702550.43,-5.95,1608.57
2021-08-18,2021-08-17,140,5,JSWENERGY:1607.00|KPITTECH:1100.00|BSE:3358.00|RADICO:423.00|TATASTEEL:2960.00,1925977.07,854.55,1926831.62,1926831.62,13.18,1833.73
2021-09-17,2021-09-16,141,5,JSWENERGY:1326.00|IRCTC:556.00|SRF:181.00|BSE:3100.00|MPHASIS:143.00,2026128.22,3638.91,2029767.13,2029767.13,5.34,1937.09
2021-10-18,2021-10-14,142,5,JSWENERGY:1249.00|IRCTC:457.00|GODREJPROP:194.00|MPHASIS:161.00|SRF:203.00,2439257.51,7580.84,2446838.35,2446838.35,20.58,2356.41
2021-11-16,2021-11-15,143,5,IRCTC:501.00|JSWENERGY:1371.00|ATGL:270.00|PRESTIGE:902.00|KPITTECH:1070.00,2193112.01,1431.28,2194543.29,2194543.29,-10.34,2102.34
2021-12-15,2021-12-14,144,5,IDEA:29540.00|ATGL:239.00|BSE:1847.00|TATAPOWER:2048.00|IRCTC:557.00,2265594.59,1618.56,2267213.15,2267213.15,3.31,2175.32
2022-01-12,2022-01-11,145,5,KPITTECH:592.00|SUZLON:38199.00|TATAPOWER:1853.00|TMPV:854.00|BSE:2016.00,2104076.64,465.56,2104542.20,2104542.20,-7.18,2011.95
2022-02-10,2022-02-09,146,5,BSE:1722.00|KPITTECH:694.00|SUZLON:42009.00|TMPV:832.00|TATAPOWER:1781.00,2053593.13,445.96,2054039.09,2054039.09,-2.40,1961.26
2022-03-11,2022-03-10,147,5,BSE:1419.00|KPITTECH:701.00|POWERINDIA:119.00|NATIONALUM:3968.00|ONGC:3003.00,2007988.20,1610.59,2009598.79,2009598.79,-2.16,1916.65
2022-04-11,2022-04-08,148,5,BDL:1171.00|BSE:1436.00|ATGL:166.00|TATAELXSI:49.00|NMDC:10834.00,2046628.33,6131.40,2052759.73,2052759.73,2.15,1960.00
2022-05-12,2022-05-11,149,5,BDL:1117.00|ATGL:147.00|NTPC:2646.00|AUBANK:555.00|ADANIENT:166.00,1741083.39,3182.76,1744266.15,1744266.15,-15.07,1649.49
2022-06-09,2022-06-08,150,5,BDL:954.00|ATGL:153.00|ITC:1683.00|ADANIENT:172.00|TATAELXSI:45.00,1853502.54,8424.26,1861926.81,1861926.81,6.76,1767.72
2022-07-07,2022-07-06,151,5,BDL:1085.00|ATGL:149.00|ADANIENT:163.00|ITC:1549.00|M&M:348.00,1858844.70,2928.42,1861773.12,1861773.12,-0.01,1767.56
2022-08-04,2022-08-03,152,5,M&M:361.00|BDL:1057.00|ATGL:134.00|PAYTM:547.00|ADANIENT:162.00,2202184.09,4238.41,2206422.49,2206422.49,18.54,2113.83
2022-09-06,2022-09-05,153,5,M&M:360.00|ADANIENT:137.00|ATGL:130.00|BEL:4376.00|KALYANKJIL:5626.00,2303854.85,2779.23,2306634.09,2306634.09,4.55,2214.57
2022-10-04,2022-10-03,154,5,TIINDIA:166.00|TATAINVEST:1953.00|KALYANKJIL:4738.00|ADANIENT:139.00|COCHINSHIP:1972.00,2249913.60,2950.87,2252864.47,2252864.47,-2.33,2160.55
2022-11-03,2022-11-02,155,5,TIINDIA:171.00|COCHINSHIP:1759.00|IDFCFIRSTB:8870.00|KALYANKJIL:4839.00|ADANIENT:136.00,2420959.09,5491.21,2426450.30,2426450.30,7.72,2334.96
2022-12-02,2022-12-01,156,5,RVNL:7212.00|COCHINSHIP:1620.00|BANKINDIA:7088.00|GODFRYPHLP:909.00|KALYANKJIL:4971.00,2599725.61,741.41,2600467.01,2600467.01,7.19,2509.98
2022-12-30,2022-12-29,157,5,RVNL:7823.00|KALYANKJIL:4137.00|BANKINDIA:6739.00|GODFRYPHLP:883.00|COCHINSHIP:2037.00,2615458.68,742.96,2616201.64,2616201.64,0.61,2525.78
2023-01-30,2023-01-27,158,5,RVNL:7017.00|GODFRYPHLP:822.00|BANKINDIA:7095.00|PERSISTENT:219.00|OIL:3572.00,2456706.42,1047.91,2457754.34,2457754.34,-6.06,2366.70
2023-02-27,2023-02-24,159,5,RVNL:7781.00|BANKINDIA:7597.00|OIL:3213.00|SUPREMEIND:177.00|PERSISTENT:197.00,2345076.14,3022.53,2348098.66,2348098.66,-4.46,2256.60
2023-03-28,2023-03-27,160,5,POLICYBZR:784.00|OIL:3038.00|KPITTECH:536.00|KALYANKJIL:4153.00|RADICO:389.00,2296361.88,1532.50,2297894.38,2297894.38,-2.14,2206.15
2023-05-02,2023-04-28,161,5,RVNL:4137.00|GVT&D:2601.00|AUROPHARMA:746.00|KPITTECH:508.00|POLICYBZR:759.00,2285873.92,1180.30,2287054.22,2287054.22,-0.47,2195.26
2023-05-30,2023-05-29,162,5,GVT&D:2558.00|RVNL:4100.00|KPITTECH:487.00|GLENMARK:798.00|ITC:1250.00,2366180.40,907.92,2367088.32,2367088.32,3.50,2275.63
2023-06-27,2023-06-26,163,5,RVNL:4189.00|GVT&D:2395.00|DIXON:114.00|AUROPHARMA:711.00|ETERNAL:6781.00,2547090.43,1103.01,2548193.43,2548193.43,7.65,2457.46
2023-07-26,2023-07-25,164,5,SUZLON:30469.00|RVNL:4267.00|GLENMARK:706.00|BSE:2289.00|ETERNAL:6618.00,2749644.40,255.75,2749900.14,2749900.14,7.92,2659.98
2023-08-24,2023-08-23,165,5,SUZLON:27063.00|KALYANKJIL:2792.00|BSE:2032.00|ETERNAL:6430.00|RVNL:5004.00,3077972.89,500.22,3078473.11,3078473.11,11.95,2989.79
2023-09-22,2023-09-21,166,5,SUZLON:27293.00|BSE:1807.00|KALYANKJIL:3309.00|ETERNAL:7036.00|JSWENERGY:1783.00,3499769.34,685.46,3500454.80,3500454.80,13.71,3413.39
2023-10-23,2023-10-20,167,5,BSE:1626.00|KALYANKJIL:2944.00|SUZLON:26449.00|IDEA:74529.00|NMDC:18630.00,4396533.26,722.48,4397255.74,4397255.74,25.62,4313.69
2023-11-22,2023-11-21,168,5,BSE:1435.00|SUZLON:27066.00|IDEA:74040.00|KALYANKJIL:3078.00|NMDC:20117.00,5108634.37,169.42,5108803.79,5108803.79,16.18,5028.01
2023-12-21,2023-12-20,169,5,BSE:1335.00|PRESTIGE:952.00|COCHINSHIP:1666.00|KALYANKJIL:3199.00|NMDC:18704.00,5055888.57,1437.57,5057326.14,5057326.14,-1.01,4976.34
2024-01-19,2024-01-18,170,5,PRESTIGE:915.00|GVT&D:1891.00|BSE:1577.00|HINDPETRO:4545.00|RVNL:4974.00,6017024.77,2517.40,6019542.17,6019542.17,19.03,5942.45
2024-02-20,2024-02-19,171,5,HINDPETRO:3960.00|HUDCO:7237.00|GVT&D:1707.00|TRENT:322.00|OFSS:184.00,6517770.62,9424.31,6527194.93,6527194.93,8.44,6452.24
2024-03-20,2024-03-19,172,5,HUDCO:7633.00|GVT&D:1511.00|OFSS:170.00|OIL:3634.00|NHPC:16111.00,6351747.09,3155.95,6354903.04,6354903.04,-2.64,6279.04
2024-04-23,2024-04-22,173,5,IREDA:8001.00|GVT&D:1365.00|OIL:3602.00|NATIONALUM:8008.00|OFSS:199.00,6818174.75,1461.21,6819635.96,6819635.96,7.32,6745.77
2024-05-23,2024-05-22,174,5,GVT&D:1062.00|HUDCO:6319.00|RVNL:4639.00|GODFRYPHLP:1249.00|OFSS:220.00,7832218.36,6143.60,7838361.96,7838361.96,14.94,7768.62
2024-06-21,2024-06-20,175,5,COCHINSHIP:802.00|DIXON:154.00|TRENT:331.00|GODFRYPHLP:1284.00|M&M:628.00,8825131.17,5700.88,8830832.05,8830832.05,12.67,8765.70
2024-07-22,2024-07-19,176,5,COCHINSHIP:714.00|RVNL:2915.00|IREDA:6520.00|EXIDEIND:3314.00|DIXON:156.00,8814398.86,13176.67,8827575.53,8827575.53,-0.04,8762.43
2024-08-20,2024-08-19,177,5,RVNL:2967.00|COCHINSHIP:792.00|TRENT:250.00|DIXON:130.00|OIL:2559.00,8387801.49,13995.72,8401797.20,8401797.20,-4.83,8334.33
2024-09-17,2024-09-16,178,5,GODFRYPHLP:622.00|PAYTM:2390.00|SUZLON:19132.00|RVNL:3059.00|KALYANKJIL:2334.00,8146634.28,2083.48,8148717.76,8148717.76,-3.02,8079.85
2024-10-16,2024-10-15,179,5,PAYTM:2121.00|KALYANKJIL:2074.00|GODFRYPHLP:683.00|TRENT:191.00|POWERINDIA:95.00,7721513.89,12291.04,7733804.93,7733804.93,-5.09,7663.24
2024-11-13,2024-11-12,180,5,BSE:898.00|GODFRYPHLP:661.00|KALYANKJIL:2018.00|FORTIS:2209.00|COFORGE:883.00,7050701.43,3946.00,7054647.43,7054647.43,-8.80,6980.42
2024-12-13,2024-12-12,181,5,BSE:825.00|DIXON:87.00|COFORGE:848.00|GODFRYPHLP:790.00|FORTIS:2124.00,7665428.12,4263.66,7669691.78,7669691.78,8.72,7598.05
2025-01-13,2025-01-10,182,5,BSE:839.00|COFORGE:766.00|PREMIERENE:1267.00|MAXHEALTH:1260.00|DIXON:85.00,7039271.58,10748.47,7050020.05,7050020.05,-8.08,6975.74
2025-02-07,2025-02-06,183,5,BSE:745.00|LAURUSLABS:2144.00|COFORGE:806.00|SRF:469.00|RADICO:603.00,6792062.98,6593.94,6798656.92,6798656.92,-3.57,6723.08
2025-03-10,2025-03-07,184,5,SRF:421.00|SBICARD:1484.00|LAURUSLABS:2169.00|BLUESTARCO:593.00|INDIGO:265.00,6170966.41,3971.53,6174937.94,6174937.94,-9.18,6096.51
2025-04-09,2025-04-08,185,5,BAJFINANCE:1410.00|SRF:447.00|INDIGO:239.00|GODFRYPHLP:549.00|BDL:963.00,6137835.93,4970.85,6142806.78,6142806.78,-0.52,6064.25
2025-05-13,2025-05-12,186,5,GODFRYPHLP:494.00|BDL:891.00|UPL:2096.00|SBICARD:1559.00|NYKAA:7000.00,6962312.54,2950.13,6965262.67,6965262.67,13.40,6890.24
2025-06-10,2025-06-09,187,5,GODFRYPHLP:545.00|POWERINDIA:82.00|BSE:495.00|MODEFENCE:14949.00|COROMANDEL:622.00,7434239.03,3092.49,7437331.51,7437331.51,6.78,7364.20
2025-07-08,2025-07-07,188,5,BDL:754.00|ABCAPITAL:5273.00|MODEFENCE:14944.00|LAURUSLABS:1882.00|GODFRYPHLP:523.00,7280302.96,3034.90,7283337.86,7283337.86,-2.07,7209.59
2025-08-05,2025-08-04,189,5,POWERINDIA:67.00|BSE:578.00|ETERNAL:4685.00|GODFRYPHLP:468.00|LAURUSLABS:1672.00,7168307.22,21886.42,7190193.64,7190193.64,-1.28,7116.07
2025-09-04,2025-09-03,190,5,GVT&D:511.00|PAYTM:1115.00|ETERNAL:4408.00|GLENMARK:716.00|HEROMOTOCO:271.00,7223006.80,7414.29,7230421.09,7230421.09,0.56,7156.57
2025-10-03,2025-10-01,191,5,TATAINVEST:1352.00|ETERNAL:4373.00|LAURUSLABS:1639.00|GVT&D:463.00|EICHERMOT:205.00,7125653.12,7955.54,7133608.66,7133608.66,-1.34,7059.30
2025-11-03,2025-10-31,192,5,PAYTM:1055.00|LAURUSLABS:1434.00|HEROMOTOCO:254.00|HINDALCO:1627.00|IDEA:150031.00,6858963.11,4966.70,6863929.81,6863929.81,-3.78,6788.35
2025-12-02,2025-12-01,193,5,LTF:4782.00|HEROMOTOCO:239.00|NATIONALUM:5612.00|IDEA:143470.00|ASHOKLEY:9302.00,7315777.43,1214.41,7316991.84,7316991.84,6.61,7243.35
2025-12-31,2025-12-30,194,5,IDEA:129732.00|NATIONALUM:5059.00|SHRIRAMFIN:1613.00|ASHOKLEY:8989.00|BHARATFORG:1062.00,7885621.88,2084.27,7887706.15,7887706.15,7.80,7816.22
2026-01-29,2026-01-28,195,5,NATIONALUM:4095.00|SHRIRAMFIN:1626.00|ASHOKLEY:8563.00|IDEA:164704.00|PSUBNKBEES:16586.00,8267298.90,843.38,8268142.28,8268142.28,4.82,8198.13
2026-02-26,2026-02-25,196,5,NATIONALUM:4778.00|SHRIRAMFIN:1592.00|ASHOKLEY:8287.00|BHARATFORG:909.00|INDUSTOWER:3867.00,8620892.97,2133.32,8623026.29,8623026.29,4.29,8554.34
2026-03-30,2026-03-27,197,5,NATIONALUM:4042.00|GVT&D:418.00|MCX:644.00|BHARATFORG:904.00|LENSKART:3047.00,7619363.21,4168.43,7623531.64,7623531.64,-11.59,7550.97
2026-04-30,2026-04-29,198,5,POWERINDIA:53.00|NATIONALUM:4111.00|GROWW:8249.00|BHARATFORG:926.00|ONGC:5793.00,8781198.35,12932.47,8794130.82,8794130.82,15.36,8726.42
2026-05-28,2026-05-27,199,5,POWERINDIA:46.00|BSE:410.00|ATGL:2151.00|OFSS:168.00|ADANIENT:585.00,8671540.85,22830.18,8694371.04,8694371.04,-1.14,8626.15
2026-06-25,2026-06-24,200,5,OFSS:158.00|BHEL:4126.00|LAURUSLABS:1143.00|ADANIENT:539.00|ATGL:2302.00,8315391.62,6859.94,8322251.56,8322251.56,-4.29,8251.69
2026-07-23,2026-07-22,201,5,OFSS:151.00|BHEL:4128.00|ADANIENT:544.00|LAURUSLABS:1087.00|KALYANKJIL:2879.00,8563041.38,12769.30,8575810.69,8575810.69,3.05,8506.35
2026-08-20,2026-08-19,202,5,LAURUSLABS:975.00|OFSS:150.00|RADICO:376.00|IDEA:125540.00|EXIDEIND:3818.00,8868659.55,7056.35,8875715.90,8875715.90,3.50,8807.77
2026-09-17,2026-09-16,203,5,KALYANKJIL:2976.00|PAYTM:961.00|LAURUSLABS:909.00|LENSKART:2545.00|COFORGE:976.00,8626263.85,4293.83,8630557.67,8630557.67,-2.76,8561.53
2026-09-30,2026-09-30,203,5,KALYANKJIL:2976.00|PAYTM:961.00|LAURUSLABS:909.00|LENSKART:2545.00|COFORGE:976.00,8509126.27,4293.83,8513420.09,8513420.09,-1.36,8443.92
