date,signal_date,portfolio_value_before,portfolio_value_after,account_equity,period_pnl,selected_count,capital_per_stock,entered,exited,held,period_return_pct
2010-05-17,2010-05-14,100000.00,99853.43,100000.00,0.00,5,19970.69,"ADANIENT,BAJAJFINSV,COROMANDEL,SUPREMEIND,TITAN",,,0.00
2010-06-14,2010-06-11,98615.48,98138.11,98615.48,-1384.52,5,19627.62,"BAJFINANCE,DRREDDY,EICHERMOT","ADANIENT,BAJAJFINSV,SUPREMEIND","COROMANDEL,TITAN",-1.39
2010-07-12,2010-07-09,107783.65,107490.15,107783.65,9168.17,5,21498.03,"HINDPETRO,JUBLFOOD","DRREDDY,TITAN","BAJFINANCE,COROMANDEL,EICHERMOT",9.34
2010-08-09,2010-08-06,118844.26,118047.91,118844.26,11060.61,5,23609.58,"PAGEIND,TITAN","HINDPETRO,JUBLFOOD","BAJFINANCE,COROMANDEL,EICHERMOT",10.29
2010-09-06,2010-09-03,131476.58,130748.02,131476.58,12632.32,5,26149.60,"GODREJPROP,HINDPETRO,TRENT","BAJFINANCE,PAGEIND,TITAN","COROMANDEL,EICHERMOT",10.70
2010-10-05,2010-10-04,131029.02,130888.74,131029.02,-447.56,5,26177.75,"ASTRAL,BAJFINANCE,JUBLFOOD","GODREJPROP,HINDPETRO,TRENT","COROMANDEL,EICHERMOT",-0.34
2010-11-02,2010-11-01,135077.17,134895.92,135077.17,4048.15,5,26979.18,"SRF,TITAN,TMPV","ASTRAL,COROMANDEL,EICHERMOT","BAJFINANCE,JUBLFOOD",3.09
2010-12-02,2010-12-01,135101.64,134568.67,135101.64,24.47,5,26913.73,"M&MFIN,PAGEIND","BAJFINANCE,TITAN","JUBLFOOD,SRF,TMPV",0.02
2010-12-31,2010-12-30,133395.39,132730.75,133395.39,-1706.25,5,26546.15,"HINDALCO,NESTLEIND,SUNPHARMA,TCS","JUBLFOOD,M&MFIN,PAGEIND,TMPV",SRF,-1.27
2011-01-31,2011-01-28,123361.84,122507.02,123361.84,-10033.56,5,24501.40,PAGEIND,NESTLEIND,"HINDALCO,SRF,SUNPHARMA,TCS",-7.56
2011-02-28,2011-02-25,120440.02,120246.08,120440.02,-2921.81,5,24049.22,"NATIONALUM,NESTLEIND,TITAN","HINDALCO,SRF,SUNPHARMA","PAGEIND,TCS",-2.39
2011-03-29,2011-03-28,120661.63,120203.66,120661.63,221.61,5,24040.73,"BAJAJFINSV,COALINDIA,GRASIM,HCLTECH","NATIONALUM,NESTLEIND,TCS,TITAN",PAGEIND,0.18
2011-04-29,2011-04-28,126377.11,125901.81,126377.11,5715.48,5,25180.36,"JUBLFOOD,LICHSGFIN,TITAN","BAJAJFINSV,GRASIM,PAGEIND","COALINDIA,HCLTECH",4.75
2011-05-27,2011-05-26,131829.59,131357.52,131829.59,5452.48,5,26271.50,FORTIS,HCLTECH,"COALINDIA,JUBLFOOD,LICHSGFIN,TITAN",4.33
2011-06-24,2011-06-23,132909.24,132439.36,132909.24,1079.65,5,26487.87,"ASTRAL,COROMANDEL,GODFRYPHLP","COALINDIA,FORTIS,LICHSGFIN","JUBLFOOD,TITAN",0.82
2011-07-22,2011-07-21,146632.92,145256.53,146632.92,13723.68,5,29051.31,"GODREJPROP,PAGEIND","COROMANDEL,TITAN","ASTRAL,GODFRYPHLP,JUBLFOOD",10.36
2011-08-22,2011-08-19,147671.09,147017.93,147671.09,1038.17,5,29403.59,"IDEA,SUPREMEIND","ASTRAL,GODREJPROP","GODFRYPHLP,JUBLFOOD,PAGEIND",0.71
2011-09-21,2011-09-20,152471.09,150871.22,152471.09,4800.00,5,30174.24,,,"GODFRYPHLP,IDEA,JUBLFOOD,PAGEIND,SUPREMEIND",3.26
2011-10-20,2011-10-19,145675.71,142957.02,145675.71,-6795.38,5,28591.40,"BAJAJ-AUTO,COFORGE","JUBLFOOD,SUPREMEIND","GODFRYPHLP,IDEA,PAGEIND",-4.50
2011-11-23,2011-11-22,142311.85,140523.17,142311.85,-3363.85,5,28104.63,"EICHERMOT,HINDUNILVR,PIIND","BAJAJ-AUTO,COFORGE,GODFRYPHLP","IDEA,PAGEIND",-2.35
2011-12-22,2011-12-21,134409.64,132476.44,134409.64,-7902.21,5,26495.29,"BAJAJ-AUTO,GRASIM,WIPRO","EICHERMOT,IDEA,PIIND","HINDUNILVR,PAGEIND",-5.62
2012-01-19,2012-01-18,136337.65,135856.56,136337.65,1928.01,5,27171.31,"APOLLOHOSP,HAVELLS,TMPV","BAJAJ-AUTO,GRASIM,PAGEIND","HINDUNILVR,WIPRO",1.46
2012-02-17,2012-02-16,153610.57,153220.00,153610.57,17272.92,5,30644.00,"JSWSTEEL,JUBLFOOD,TATACONSUM","APOLLOHOSP,HINDUNILVR,WIPRO","HAVELLS,TMPV",12.71
2012-03-20,2012-03-19,148429.17,148053.44,148429.17,-5181.40,5,29610.69,"JSWENERGY,MOTILALOFS","JSWSTEEL,TATACONSUM","HAVELLS,JUBLFOOD,TMPV",-3.38
2012-04-19,2012-04-18,145674.24,145244.96,145674.24,-2754.93,5,29048.99,"BAJAJFINSV,GMRAIRPORT,PRESTIGE","HAVELLS,JSWENERGY,MOTILALOFS","JUBLFOOD,TMPV",-1.86
2012-05-18,2012-05-17,123373.51,118556.44,123373.51,-22300.73,5,23711.29,"ASTRAL,COFORGE,MRF","GMRAIRPORT,PRESTIGE,TMPV","BAJAJFINSV,JUBLFOOD",-15.35
2012-06-15,2012-06-14,128094.71,122619.80,128094.71,4721.20,5,24523.96,ASIANPAINT,ASTRAL,"BAJAJFINSV,COFORGE,JUBLFOOD,MRF",3.98
2012-07-13,2012-07-12,129380.62,128999.76,129380.62,1285.91,5,25799.95,"ASTRAL,BAJFINANCE,GLENMARK,PERSISTENT","ASIANPAINT,BAJAJFINSV,COFORGE,MRF",JUBLFOOD,1.05
2012-08-10,2012-08-09,136074.69,135690.81,136074.69,6694.07,5,27138.16,"BAJAJFINSV,HINDUNILVR,SUPREMEIND","ASTRAL,BAJFINANCE,JUBLFOOD","GLENMARK,PERSISTENT",5.19
2012-09-11,2012-09-10,139865.99,138013.57,139865.99,3791.30,5,27602.71,"ASTRAL,BAJFINANCE,TECHM,ULTRACEMCO","BAJAJFINSV,HINDUNILVR,PERSISTENT,SUPREMEIND",GLENMARK,2.79
2012-10-11,2012-10-10,151255.06,150577.04,151255.06,11389.08,5,30115.41,"GRASIM,JSWENERGY,MCX,TATACONSUM","ASTRAL,BAJFINANCE,GLENMARK,ULTRACEMCO",TECHM,8.25
2012-11-12,2012-11-09,155129.84,154917.01,155129.84,3874.78,5,30983.40,"ASTRAL,AUROPHARMA,M&MFIN,PRESTIGE","GRASIM,JSWENERGY,MCX,TECHM",TATACONSUM,2.57
2012-12-13,2012-12-12,162580.40,162376.50,162580.40,7450.56,5,32475.30,"ADANIENT,LTF","M&MFIN,PRESTIGE","ASTRAL,AUROPHARMA,TATACONSUM",4.81
2013-01-11,2013-01-10,159248.15,159120.07,159248.15,-3332.25,5,31824.01,"NHPC,PHOENIXLTD","ASTRAL,TATACONSUM","ADANIENT,AUROPHARMA,LTF",-2.05
2013-02-08,2013-02-07,154269.68,154082.52,154269.68,-4978.47,5,30816.50,SUZLON,ADANIENT,"AUROPHARMA,LTF,NHPC,PHOENIXLTD",-3.13
2013-03-08,2013-03-07,133578.14,133139.77,133578.14,-20691.54,5,26627.95,"GLENMARK,IDEA,WIPRO","AUROPHARMA,NHPC,SUZLON","LTF,PHOENIXLTD",-13.43
2013-04-09,2013-04-08,125397.36,125102.76,125397.36,-8180.78,5,25020.55,"GMRAIRPORT,ONGC,PIIND,SUNPHARMA","GLENMARK,IDEA,LTF,WIPRO",PHOENIXLTD,-6.14
2013-05-10,2013-05-09,132183.80,131436.41,132183.80,6786.44,5,26287.28,"CONCOR,DABUR,HCLTECH,OIL","GMRAIRPORT,ONGC,PHOENIXLTD,PIIND",SUNPHARMA,5.42
2013-06-07,2013-06-06,134619.98,133870.83,134619.98,2436.17,5,26774.17,"ASTRAL,EICHERMOT,HINDUNILVR","DABUR,HCLTECH,OIL","CONCOR,SUNPHARMA",1.85
2013-07-05,2013-07-04,139793.25,137609.38,139793.25,5173.27,5,27521.88,"LUPIN,M&MFIN,PAGEIND","CONCOR,EICHERMOT,SUNPHARMA","ASTRAL,HINDUNILVR",3.86
2013-08-02,2013-08-01,140162.66,139282.33,140162.66,369.42,5,27856.47,IDEA,M&MFIN,"ASTRAL,HINDUNILVR,LUPIN,PAGEIND",0.27
2013-09-03,2013-09-02,130785.68,128946.54,130785.68,-9376.98,5,25789.31,"HEROMOTOCO,TCS","LUPIN,PAGEIND","ASTRAL,HINDUNILVR,IDEA",-6.73
2013-10-03,2013-10-01,133767.98,132565.52,133767.98,2982.30,5,26513.10,"BIOCON,COROMANDEL,HCLTECH","ASTRAL,HINDUNILVR,TCS","HEROMOTOCO,IDEA",2.31
2013-11-01,2013-10-31,133774.72,133330.40,133774.72,6.74,5,26666.08,"BHARATFORG,PERSISTENT,PIIND,RADICO,TATACOMM","BIOCON,COROMANDEL,HCLTECH,HEROMOTOCO,IDEA",,0.01
2013-12-03,2013-12-02,142015.15,141793.30,142015.15,8240.43,5,28358.66,"AUROPHARMA,TATASTEEL","BHARATFORG,RADICO","PERSISTENT,PIIND,TATACOMM",6.18
2014-01-01,2013-12-31,158208.41,157842.94,158208.41,16193.26,5,31568.59,"GMRAIRPORT,JSWSTEEL,TATAELXSI","PERSISTENT,TATACOMM,TATASTEEL","AUROPHARMA,PIIND",11.42
2014-01-29,2014-01-28,150085.60,149571.81,150085.60,-8122.81,5,29914.36,"ADANIENT,NAUKRI","GMRAIRPORT,JSWSTEEL","AUROPHARMA,PIIND,TATAELXSI",-5.15
2014-02-26,2014-02-25,177242.74,176978.95,177242.74,27157.14,5,35395.79,"KEI,VOLTAS","ADANIENT,PIIND","AUROPHARMA,NAUKRI,TATAELXSI",18.16
2014-03-28,2014-03-27,185126.98,184703.89,185126.98,7884.24,5,36940.78,"ASTRAL,SRF","KEI,NAUKRI","AUROPHARMA,TATAELXSI,VOLTAS",4.45
2014-04-30,2014-04-29,203567.10,203417.72,203567.10,18440.12,5,40683.54,"ADANIENT,KEI","ASTRAL,VOLTAS","AUROPHARMA,SRF,TATAELXSI",9.98
2014-05-29,2014-05-28,226670.94,226395.49,226670.94,23103.84,5,45279.10,"HINDPETRO,MOTILALOFS","AUROPHARMA,TATAELXSI","ADANIENT,KEI,SRF",11.36
2014-06-26,2014-06-25,250222.44,250068.60,250222.44,23551.50,5,50013.72,"BLUESTARCO,SUZLON","HINDPETRO,KEI","ADANIENT,MOTILALOFS,SRF",10.40
2014-07-24,2014-07-23,255401.19,254923.75,255401.19,5178.75,5,50984.75,"BHARATFORG,KEI","ADANIENT,SUZLON","BLUESTARCO,MOTILALOFS,SRF",2.07
2014-08-25,2014-08-22,266514.75,266192.90,266514.75,11113.56,5,53238.58,PIIND,SRF,"BHARATFORG,BLUESTARCO,KEI,MOTILALOFS",4.36
2014-09-23,2014-09-22,286040.80,285733.22,286040.80,19526.05,5,57146.64,"PHOENIXLTD,SRF","BLUESTARCO,PIIND","BHARATFORG,KEI,MOTILALOFS",7.34
2014-10-28,2014-10-27,272273.76,270422.32,272273.76,-13767.03,5,54084.46,"CIPLA,EICHERMOT,MCX,PAGEIND,PIIND","BHARATFORG,KEI,MOTILALOFS,PHOENIXLTD,SRF",,-4.82
2014-11-27,2014-11-26,289151.34,288662.77,289151.34,16877.57,5,57732.55,"ASHOKLEY,AUROPHARMA,HINDPETRO,SRF","CIPLA,MCX,PAGEIND,PIIND",EICHERMOT,6.24
2014-12-26,2014-12-24,289828.24,285418.06,289828.24,676.90,5,57083.61,"BAJFINANCE,BEL,PAGEIND","ASHOKLEY,HINDPETRO,SRF","AUROPHARMA,EICHERMOT",0.23
2015-01-23,2015-01-22,314134.59,302412.61,314134.59,24306.35,5,60482.52,"KEI,PERSISTENT","AUROPHARMA,BEL","BAJFINANCE,EICHERMOT,PAGEIND",8.52
2015-02-24,2015-02-23,318343.22,317511.70,318343.22,4208.63,5,63502.34,"BHARATFORG,JSWENERGY,SUZLON,TATAELXSI","EICHERMOT,KEI,PAGEIND,PERSISTENT",BAJFINANCE,1.39
2015-03-24,2015-03-23,325697.99,323184.21,325697.99,7354.77,5,64636.84,"PAGEIND,PIIND","BAJFINANCE,BHARATFORG","JSWENERGY,SUZLON,TATAELXSI",2.32
2015-04-24,2015-04-23,313094.50,312638.49,313094.50,-12603.49,5,62527.70,"ADANIENT,FORTIS,UPL","JSWENERGY,PAGEIND,PIIND","SUZLON,TATAELXSI",-3.90
2015-05-25,2015-05-22,345445.32,344832.36,345445.32,32350.82,5,68966.47,,,"ADANIENT,FORTIS,SUZLON,TATAELXSI,UPL",10.35
2015-06-22,2015-06-19,298761.22,292570.34,298761.22,-46684.11,5,58514.07,"PAGEIND,VOLTAS","ADANIENT,UPL","FORTIS,SUZLON,TATAELXSI",-13.54
2015-07-20,2015-07-17,309263.30,307137.44,309263.30,10502.08,5,61427.49,"AUROPHARMA,EICHERMOT,HINDPETRO,KEI,SRF","FORTIS,PAGEIND,SUZLON,TATAELXSI,VOLTAS",,3.59
2015-08-17,2015-08-14,323864.71,323268.20,323864.71,14601.41,5,64653.64,"BAJAJFINSV,COFORGE,GLENMARK","AUROPHARMA,EICHERMOT,SRF","HINDPETRO,KEI",4.75
2015-09-14,2015-09-11,297421.20,296919.73,297421.20,-26443.51,5,59383.95,"SRF,TATAELXSI","COFORGE,GLENMARK","BAJAJFINSV,HINDPETRO,KEI",-8.18
2015-10-15,2015-10-14,302512.68,300807.68,302512.68,5091.48,5,60161.54,"AUROPHARMA,GODFRYPHLP,GODREJPROP","BAJAJFINSV,HINDPETRO,SRF","KEI,TATAELXSI",1.71
2015-11-17,2015-11-16,337388.13,337097.08,337388.13,34875.45,5,67419.42,"COFORGE,TRENT","AUROPHARMA,TATAELXSI","GODFRYPHLP,GODREJPROP,KEI",11.59
2015-12-16,2015-12-15,357122.77,356603.88,357122.77,19734.64,5,71320.78,APLAPOLLO,KEI,"COFORGE,GODFRYPHLP,GODREJPROP,TRENT",5.85
2016-01-14,2016-01-13,353394.48,353056.00,353394.48,-3728.29,5,70611.20,"NHPC,RELIANCE","COFORGE,GODREJPROP","APLAPOLLO,GODFRYPHLP,TRENT",-1.05
2016-02-12,2016-02-11,303755.29,303590.28,303755.29,-49639.18,5,60718.06,"BAJFINANCE,JSWSTEEL","RELIANCE,TRENT","APLAPOLLO,GODFRYPHLP,NHPC",-14.06
2016-03-14,2016-03-11,344093.49,343748.17,344093.49,40338.20,5,68749.63,,,"APLAPOLLO,BAJFINANCE,GODFRYPHLP,JSWSTEEL,NHPC",13.29
2016-04-13,2016-04-12,381518.29,381227.75,381518.29,37424.80,5,76245.55,"MARICO,TATASTEEL","GODFRYPHLP,JSWSTEEL","APLAPOLLO,BAJFINANCE,NHPC",10.89
2016-05-16,2016-05-13,381197.48,380294.44,381197.48,-320.81,5,76058.89,"BIOCON,SUPREMEIND,UPL","APLAPOLLO,MARICO,NHPC","BAJFINANCE,TATASTEEL",-0.08
2016-06-13,2016-06-10,391098.55,390736.46,391098.55,9901.07,5,78147.29,"COROMANDEL,HINDALCO,M&MFIN,TMPV","BAJFINANCE,SUPREMEIND,TATASTEEL,UPL",BIOCON,2.60
2016-07-12,2016-07-11,420272.74,419845.10,420272.74,29174.19,5,83969.02,"APLAPOLLO,HINDPETRO,INDIANB","BIOCON,COROMANDEL,M&MFIN","HINDALCO,TMPV",7.47
2016-08-09,2016-08-08,482694.72,482283.04,482694.72,62421.98,5,96456.61,"BIOCON,COROMANDEL","APLAPOLLO,TMPV","HINDALCO,HINDPETRO,INDIANB",14.87
2016-09-08,2016-09-07,516287.38,516050.59,516287.38,33592.66,5,103210.12,GODFRYPHLP,COROMANDEL,"BIOCON,HINDALCO,HINDPETRO,INDIANB",6.97
2016-10-07,2016-10-06,506524.26,458662.51,506524.26,-9763.12,5,91732.50,"MRF,RADICO","BIOCON,GODFRYPHLP","HINDALCO,HINDPETRO,INDIANB",-1.89
2016-11-09,2016-11-08,460889.29,415411.49,460889.29,-45634.97,5,83082.30,"ADANIPORTS,GODFRYPHLP,MOTILALOFS,NMDC","HINDALCO,HINDPETRO,INDIANB,RADICO",MRF,-9.95
2016-12-08,2016-12-07,457048.60,414974.47,457048.60,-3840.69,5,82994.89,"INDIANB,NATIONALUM,ONGC,TATACOMM","ADANIPORTS,GODFRYPHLP,MOTILALOFS,NMDC",MRF,-0.92
2017-01-05,2017-01-04,442974.56,404050.70,442974.56,-14074.05,5,80810.14,MCX,INDIANB,"MRF,NATIONALUM,ONGC,TATACOMM",-3.39
2017-02-03,2017-02-02,470267.89,469445.10,470267.89,27293.34,5,93889.02,"COROMANDEL,HINDPETRO,INDIANB","MCX,MRF,ONGC","NATIONALUM,TATACOMM",6.75
2017-03-06,2017-03-03,472587.71,470981.10,472587.71,2319.81,5,94196.22,"ALKEM,IDEA,KEI","COROMANDEL,HINDPETRO,TATACOMM","INDIANB,NATIONALUM",0.49
2017-04-05,2017-04-03,459325.69,458666.28,459325.69,-13262.01,5,91733.26,"ADANIENT,BLUESTARCO,MOTILALOFS,TRENT","ALKEM,IDEA,INDIANB,NATIONALUM",KEI,-2.82
2017-05-05,2017-05-04,484414.26,482914.43,484414.26,25088.57,5,96582.89,"GODREJPROP,TITAN","BLUESTARCO,TRENT","ADANIENT,KEI,MOTILALOFS",5.47
2017-06-02,2017-06-01,491043.50,490398.33,491043.50,6629.23,5,98079.67,"ASTRAL,PRESTIGE,VOLTAS","GODREJPROP,KEI,TITAN","ADANIENT,MOTILALOFS",1.37
2017-07-03,2017-06-30,512585.61,510858.64,512585.61,21542.12,5,102171.73,INDIGO,VOLTAS,"ADANIENT,ASTRAL,MOTILALOFS,PRESTIGE",4.39
2017-07-31,2017-07-28,518489.23,516583.35,518489.23,5903.61,5,103316.67,"APLAPOLLO,GODREJPROP,INDUSTOWER","ADANIENT,ASTRAL,PRESTIGE","INDIGO,MOTILALOFS",1.16
2017-08-30,2017-08-29,515660.08,515429.72,515660.08,-2829.14,5,103085.94,"ASHOKLEY,JUBLFOOD,RADICO,TATASTEEL","APLAPOLLO,GODREJPROP,INDIGO,INDUSTOWER",MOTILALOFS,-0.55
2017-09-27,2017-09-26,528466.09,527848.45,528466.09,12806.01,5,105569.69,"KEI,LTF,TATACONSUM","ASHOKLEY,MOTILALOFS,RADICO","JUBLFOOD,TATASTEEL",2.48
2017-10-27,2017-10-26,565943.08,565400.26,565943.08,37476.99,5,113080.05,"BHARTIARTL,RADICO","LTF,TATACONSUM","JUBLFOOD,KEI,TATASTEEL",7.10
2017-11-24,2017-11-23,605092.13,603540.06,605092.13,39149.05,5,120708.01,"BANKINDIA,GODREJPROP,TITAN","BHARTIARTL,JUBLFOOD,TATASTEEL","KEI,RADICO",6.92
2017-12-22,2017-12-21,599423.31,591183.63,599423.31,-5668.82,5,118236.73,"BIOCON,PAGEIND,SAIL","BANKINDIA,GODREJPROP,TITAN","KEI,RADICO",-0.94
2018-01-22,2018-01-19,648572.31,647853.42,648572.31,49149.00,5,129570.68,"ADANIENT,COFORGE,JUBLFOOD","KEI,PAGEIND,SAIL","BIOCON,RADICO",8.31
2018-02-21,2018-02-20,633633.50,633122.63,633633.50,-14938.81,5,126624.53,"MPHASIS,TITAN","COFORGE,JUBLFOOD","ADANIENT,BIOCON,RADICO",-2.31
2018-03-22,2018-03-21,623612.18,623161.52,623612.18,-10021.32,5,124632.30,"ASHOKLEY,COFORGE,JUBLFOOD","ADANIENT,MPHASIS,TITAN","BIOCON,RADICO",-1.58
2018-04-23,2018-04-20,694360.41,693633.50,694360.41,70748.23,5,138726.70,JSWSTEEL,BIOCON,"ASHOKLEY,COFORGE,JUBLFOOD,RADICO",11.35
2018-05-22,2018-05-21,668389.58,667472.04,668389.58,-25970.83,5,133494.41,"KOTAKBANK,MPHASIS,PHOENIXLTD","ASHOKLEY,COFORGE,JSWSTEEL","JUBLFOOD,RADICO",-3.74
2018-06-19,2018-06-18,670704.49,657019.90,670704.49,2314.91,5,131403.98,"BAJFINANCE,COFORGE,NESTLEIND,PAGEIND","KOTAKBANK,MPHASIS,PHOENIXLTD,RADICO",JUBLFOOD,0.35
2018-07-17,2018-07-16,700373.47,687108.35,700373.47,29668.98,5,137421.67,"HINDUNILVR,MPHASIS","COFORGE,NESTLEIND","BAJFINANCE,JUBLFOOD,PAGEIND",4.52
2018-08-14,2018-08-13,743769.69,743095.11,743769.69,43396.22,5,148619.02,"ADANIENT,COFORGE,DABUR,RELIANCE","HINDUNILVR,JUBLFOOD,MPHASIS,PAGEIND",BAJFINANCE,6.32
2018-09-14,2018-09-12,786276.05,782791.13,786276.05,42506.36,5,156558.23,"MPHASIS,NAUKRI,PAGEIND","COFORGE,DABUR,RELIANCE","ADANIENT,BAJFINANCE",5.72
2018-10-16,2018-10-15,719018.35,718429.82,719018.35,-67257.70,5,143685.96,"AUROPHARMA,TIINDIA,WIPRO","BAJFINANCE,MPHASIS,PAGEIND","ADANIENT,NAUKRI",-8.59
2018-11-15,2018-11-14,718382.63,716934.25,718382.63,-635.72,5,143386.85,"HAVELLS,ICICIBANK","NAUKRI,WIPRO","ADANIENT,AUROPHARMA,TIINDIA",-0.09
2018-12-14,2018-12-13,729169.89,728101.66,729169.89,10787.26,5,145620.33,"APOLLOHOSP,SRF,WIPRO","AUROPHARMA,HAVELLS,ICICIBANK","ADANIENT,TIINDIA",1.50
2019-01-14,2019-01-11,711839.88,709831.52,711839.88,-17330.02,5,141966.30,"AUROPHARMA,COLPAL,FEDERALBNK,INDIGO,UPL","ADANIENT,APOLLOHOSP,SRF,TIINDIA,WIPRO",,-2.38
2019-02-11,2019-02-08,714246.42,711822.09,714246.42,2406.54,5,142364.42,"GODREJPROP,RADICO,SRF,TITAN","AUROPHARMA,COLPAL,FEDERALBNK,UPL",INDIGO,0.34
2019-03-13,2019-03-12,720412.69,719549.89,720412.69,6166.27,5,143909.98,"GODFRYPHLP,IDFCFIRSTB,KEI,UPL","GODREJPROP,RADICO,SRF,TITAN",INDIGO,0.87
2019-04-12,2019-04-11,755143.14,754598.68,755143.14,34730.45,5,150919.74,"ATGL,GODREJPROP,SUZLON","GODFRYPHLP,KEI,UPL","IDFCFIRSTB,INDIGO",4.83
2019-05-16,2019-05-15,672128.61,670551.12,672128.61,-83014.54,5,134110.22,"ICICIGI,NAUKRI,SRF","ATGL,IDFCFIRSTB,SUZLON","GODREJPROP,INDIGO",-11.00
2019-06-14,2019-06-13,731345.90,730099.43,731345.90,59217.30,5,146019.89,"APLAPOLLO,ATGL,BAJFINANCE","GODREJPROP,ICICIGI,NAUKRI","INDIGO,SRF",8.83
2019-07-12,2019-07-11,681380.24,680836.50,681380.24,-49965.66,5,136167.30,"KEI,SBIN,TATACONSUM,TRENT","APLAPOLLO,BAJFINANCE,INDIGO,SRF",ATGL,-6.84
2019-08-09,2019-08-08,662697.27,661901.94,662697.27,-18682.97,5,132380.39,"BHARTIARTL,HDFCLIFE,SRF","KEI,SBIN,TRENT","ATGL,TATACONSUM",-2.74
2019-09-12,2019-09-11,634985.85,634153.63,634985.85,-27711.42,5,126830.73,"APOLLOHOSP,BEL,TRENT","ATGL,BHARTIARTL,SRF","HDFCLIFE,TATACONSUM",-4.19
2019-10-14,2019-10-11,653748.17,650862.68,653748.17,18762.32,5,130172.54,"ASIANPAINT,COLPAL,PIIND","APOLLOHOSP,BEL,TATACONSUM","HDFCLIFE,TRENT",2.96
2019-11-13,2019-11-11,667469.19,666688.39,667469.19,13721.02,5,133337.68,"ADANIENT,GMRAIRPORT,MCX,POLYCAB","ASIANPAINT,HDFCLIFE,PIIND,TRENT",COLPAL,2.11
2019-12-11,2019-12-10,652681.01,651910.99,652681.01,-14788.18,5,130382.20,"DIXON,GODFRYPHLP,TIINDIA","COLPAL,GMRAIRPORT,MCX","ADANIENT,POLYCAB",-2.22
2020-01-09,2020-01-08,683320.68,681718.39,683320.68,30639.66,5,136343.68,"GMRAIRPORT,TATACOMM,TMPV","ADANIENT,GODFRYPHLP,TIINDIA","DIXON,POLYCAB",4.70
2020-02-06,2020-02-05,693369.81,691923.00,693369.81,10049.13,5,138384.60,"ADANIENT,AUBANK,BHARTIARTL,TATAELXSI","GMRAIRPORT,POLYCAB,TATACOMM,TMPV",DIXON,1.47
2020-03-06,2020-03-05,643645.65,642076.23,643645.65,-49724.16,5,128415.25,"IRCTC,SRF,TIINDIA","ADANIENT,DIXON,TATAELXSI","AUBANK,BHARTIARTL",-7.19
2020-04-08,2020-04-07,451613.75,449551.17,451613.75,-192031.90,5,89910.23,"DIXON,DRREDDY,NESTLEIND","AUBANK,SRF,TIINDIA","BHARTIARTL,IRCTC",-29.91
2020-05-11,2020-05-08,500903.49,500412.38,500903.49,49289.73,5,100082.48,"AUROPHARMA,SUZLON","DIXON,DRREDDY","BHARTIARTL,IRCTC,NESTLEIND",10.96
2020-06-09,2020-06-08,600401.79,599511.57,600401.79,99498.30,5,119902.31,"DIXON,IDEA","BHARTIARTL,NESTLEIND","AUROPHARMA,IRCTC,SUZLON",19.88
2020-07-07,2020-07-06,617290.03,616004.26,617290.03,16888.25,5,123200.85,"CIPLA,RELIANCE","AUROPHARMA,IRCTC","DIXON,IDEA,SUZLON",2.82
2020-08-04,2020-08-03,651177.46,649426.58,651177.46,33887.42,5,129885.32,"BDL,LAURUSLABS,TATACOMM","CIPLA,IDEA,SUZLON","DIXON,RELIANCE",5.50
2020-09-01,2020-08-31,668359.38,667864.32,668359.38,17181.92,5,133572.86,"ADANIENT,IDEA,PERSISTENT,TATAPOWER","BDL,DIXON,RELIANCE,TATACOMM",LAURUSLABS,2.65
2020-09-29,2020-09-28,747518.90,746362.93,747518.90,79159.52,5,149272.59,"APLAPOLLO,KPITTECH,TIINDIA","IDEA,PERSISTENT,TATAPOWER","ADANIENT,LAURUSLABS",11.85
2020-10-28,2020-10-27,767903.47,766109.91,767903.47,20384.57,5,153221.98,"DIXON,PERSISTENT","KPITTECH,TIINDIA","ADANIENT,APLAPOLLO,LAURUSLABS",2.73
2020-11-25,2020-11-24,835999.92,835192.99,835999.92,68096.45,5,167038.60,"ATGL,INDIGO","DIXON,PERSISTENT","ADANIENT,APLAPOLLO,LAURUSLABS",8.89
2020-12-24,2020-12-23,935692.24,934059.88,935692.24,99692.32,5,186811.98,"INDUSINDBK,TATAELXSI","APLAPOLLO,INDIGO","ADANIENT,ATGL,LAURUSLABS",11.94
2021-01-22,2021-01-21,1068610.50,1066835.82,1068610.50,132918.26,5,213367.16,"SHRIRAMFIN,SUZLON,TMPV","ATGL,INDUSINDBK,LAURUSLABS","ADANIENT,TATAELXSI",14.23
2021-02-22,2021-02-19,1183384.21,1178933.18,1183384.21,114773.71,5,235786.64,"ATGL,DIXON,INDIANB","SHRIRAMFIN,SUZLON,TATAELXSI","ADANIENT,TMPV",10.76
2021-03-23,2021-03-22,1373440.69,1367821.33,1373440.69,190056.48,5,273564.27,APLAPOLLO,INDIANB,"ADANIENT,ATGL,DIXON,TMPV",16.12
2021-04-26,2021-04-23,1507535.94,1504684.35,1507535.94,134095.25,5,300936.87,TATAELXSI,DIXON,"ADANIENT,APLAPOLLO,ATGL,TMPV",9.80
2021-05-25,2021-05-24,1638564.66,1636887.48,1638564.66,131028.72,5,327377.50,"BHEL,JSWENERGY,KPITTECH","APLAPOLLO,TATAELXSI,TMPV","ADANIENT,ATGL",8.71
2021-06-22,2021-06-21,1810052.57,1807478.68,1810052.57,171487.91,5,361495.74,,,"ADANIENT,ATGL,BHEL,JSWENERGY,KPITTECH",10.48
2021-07-20,2021-07-19,1702550.43,1701871.27,1702550.43,-107502.14,5,340374.25,"BSE,LAURUSLABS,TATASTEEL","ADANIENT,ATGL,BHEL","JSWENERGY,KPITTECH",-5.95
2021-08-18,2021-08-17,1926831.62,1925977.07,1926831.62,224281.19,5,385195.41,RADICO,LAURUSLABS,"BSE,JSWENERGY,KPITTECH,TATASTEEL",13.18
2021-09-17,2021-09-16,2029767.13,2026128.22,2029767.13,102935.51,5,405225.64,"IRCTC,MPHASIS,SRF","KPITTECH,RADICO,TATASTEEL","BSE,JSWENERGY",5.34
2021-10-18,2021-10-14,2446838.35,2439257.51,2446838.35,417071.23,5,487851.50,GODREJPROP,BSE,"IRCTC,JSWENERGY,MPHASIS,SRF",20.58
2021-11-16,2021-11-15,2194543.29,2193112.01,2194543.29,-252295.07,5,438622.40,"ATGL,KPITTECH,PRESTIGE","GODREJPROP,MPHASIS,SRF","IRCTC,JSWENERGY",-10.34
2021-12-15,2021-12-14,2267213.15,2265594.59,2267213.15,72669.87,5,453118.92,"BSE,IDEA,TATAPOWER","JSWENERGY,KPITTECH,PRESTIGE","ATGL,IRCTC",3.31
2022-01-12,2022-01-11,2104542.20,2104076.64,2104542.20,-162670.95,5,420815.33,"KPITTECH,SUZLON,TMPV","ATGL,IDEA,IRCTC","BSE,TATAPOWER",-7.18
2022-02-10,2022-02-09,2054039.09,2053593.13,2054039.09,-50503.11,5,410718.63,,,"BSE,KPITTECH,SUZLON,TATAPOWER,TMPV",-2.40
2022-03-11,2022-03-10,2009598.79,2007988.20,2009598.79,-44440.30,5,401597.64,"NATIONALUM,ONGC,POWERINDIA","SUZLON,TATAPOWER,TMPV","BSE,KPITTECH",-2.16
2022-04-11,2022-04-08,2052759.73,2046628.33,2052759.73,43160.94,5,409325.67,"ATGL,BDL,NMDC,TATAELXSI","KPITTECH,NATIONALUM,ONGC,POWERINDIA",BSE,2.15
2022-05-12,2022-05-11,1744266.15,1741083.39,1744266.15,-308493.58,5,348216.68,"ADANIENT,AUBANK,NTPC","BSE,NMDC,TATAELXSI","ATGL,BDL",-15.07
2022-06-09,2022-06-08,1861926.81,1853502.54,1861926.81,117660.66,5,370700.51,"ITC,TATAELXSI","AUBANK,NTPC","ADANIENT,ATGL,BDL",6.76
2022-07-07,2022-07-06,1861773.12,1858844.70,1861773.12,-153.69,5,371768.94,M&M,TATAELXSI,"ADANIENT,ATGL,BDL,ITC",-0.01
2022-08-04,2022-08-03,2206422.49,2202184.09,2206422.49,344649.37,5,440436.82,PAYTM,ITC,"ADANIENT,ATGL,BDL,M&M",18.54
2022-09-06,2022-09-05,2306634.09,2303854.85,2306634.09,100211.59,5,460770.97,"BEL,KALYANKJIL","BDL,PAYTM","ADANIENT,ATGL,M&M",4.55
2022-10-04,2022-10-03,2252864.47,2249913.60,2252864.47,-53769.62,5,449982.72,"COCHINSHIP,TATAINVEST,TIINDIA","ATGL,BEL,M&M","ADANIENT,KALYANKJIL",-2.33
2022-11-03,2022-11-02,2426450.30,2420959.09,2426450.30,173585.83,5,484191.82,IDFCFIRSTB,TATAINVEST,"ADANIENT,COCHINSHIP,KALYANKJIL,TIINDIA",7.72
2022-12-02,2022-12-01,2600467.01,2599725.61,2600467.01,174016.71,5,519945.12,"BANKINDIA,GODFRYPHLP,RVNL","ADANIENT,IDFCFIRSTB,TIINDIA","COCHINSHIP,KALYANKJIL",7.19
2022-12-30,2022-12-29,2616201.64,2615458.68,2616201.64,15734.63,5,523091.74,,,"BANKINDIA,COCHINSHIP,GODFRYPHLP,KALYANKJIL,RVNL",0.61
2023-01-30,2023-01-27,2457754.34,2456706.42,2457754.34,-158447.30,5,491341.28,"OIL,PERSISTENT","COCHINSHIP,KALYANKJIL","BANKINDIA,GODFRYPHLP,RVNL",-6.06
2023-02-27,2023-02-24,2348098.66,2345076.14,2348098.66,-109655.67,5,469015.23,SUPREMEIND,GODFRYPHLP,"BANKINDIA,OIL,PERSISTENT,RVNL",-4.46
2023-03-28,2023-03-27,2297894.38,2296361.88,2297894.38,-50204.28,5,459272.38,"KALYANKJIL,KPITTECH,POLICYBZR,RADICO","BANKINDIA,PERSISTENT,RVNL,SUPREMEIND",OIL,-2.14
2023-05-02,2023-04-28,2287054.22,2285873.92,2287054.22,-10840.16,5,457174.78,"AUROPHARMA,GVT&D,RVNL","KALYANKJIL,OIL,RADICO","KPITTECH,POLICYBZR",-0.47
2023-05-30,2023-05-29,2367088.32,2366180.40,2367088.32,80034.10,5,473236.08,"GLENMARK,ITC","AUROPHARMA,POLICYBZR","GVT&D,KPITTECH,RVNL",3.50
2023-06-27,2023-06-26,2548193.43,2547090.43,2548193.43,181105.12,5,509418.09,"AUROPHARMA,DIXON,ETERNAL","GLENMARK,ITC,KPITTECH","GVT&D,RVNL",7.65
2023-07-26,2023-07-25,2749900.14,2749644.40,2749900.14,201706.71,5,549928.88,"BSE,GLENMARK,SUZLON","AUROPHARMA,DIXON,GVT&D","ETERNAL,RVNL",7.92
2023-08-24,2023-08-23,3078473.11,3077972.89,3078473.11,328572.97,5,615594.58,KALYANKJIL,GLENMARK,"BSE,ETERNAL,RVNL,SUZLON",11.95
2023-09-22,2023-09-21,3500454.80,3499769.34,3500454.80,421981.69,5,699953.87,JSWENERGY,RVNL,"BSE,ETERNAL,KALYANKJIL,SUZLON",13.71
2023-10-23,2023-10-20,4397255.74,4396533.26,4397255.74,896800.94,5,879306.65,"IDEA,NMDC","ETERNAL,JSWENERGY","BSE,KALYANKJIL,SUZLON",25.62
2023-11-22,2023-11-21,5108803.79,5108634.37,5108803.79,711548.05,5,1021726.87,,,"BSE,IDEA,KALYANKJIL,NMDC,SUZLON",16.18
2023-12-21,2023-12-20,5057326.14,5055888.57,5057326.14,-51477.65,5,1011177.71,"COCHINSHIP,PRESTIGE","IDEA,SUZLON","BSE,KALYANKJIL,NMDC",-1.01
2024-01-19,2024-01-18,6019542.17,6017024.77,6019542.17,962216.03,5,1203404.95,"GVT&D,HINDPETRO,RVNL","COCHINSHIP,KALYANKJIL,NMDC","BSE,PRESTIGE",19.03
2024-02-20,2024-02-19,6527194.93,6517770.62,6527194.93,507652.76,5,1303554.12,"HUDCO,OFSS,TRENT","BSE,PRESTIGE,RVNL","GVT&D,HINDPETRO",8.44
2024-03-20,2024-03-19,6354903.04,6351747.09,6354903.04,-172291.89,5,1270349.42,"NHPC,OIL","HINDPETRO,TRENT","GVT&D,HUDCO,OFSS",-2.64
2024-04-23,2024-04-22,6819635.96,6818174.75,6819635.96,464732.92,5,1363634.95,"IREDA,NATIONALUM","HUDCO,NHPC","GVT&D,OFSS,OIL",7.32
2024-05-23,2024-05-22,7838361.96,7832218.36,7838361.96,1018726.00,5,1566443.67,"GODFRYPHLP,HUDCO,RVNL","IREDA,NATIONALUM,OIL","GVT&D,OFSS",14.94
2024-06-21,2024-06-20,8830832.05,8825131.17,8830832.05,992470.09,5,1765026.23,"COCHINSHIP,DIXON,M&M,TRENT","GVT&D,HUDCO,OFSS,RVNL",GODFRYPHLP,12.67
2024-07-22,2024-07-19,8827575.53,8814398.86,8827575.53,-3256.51,5,1762879.77,"EXIDEIND,IREDA,RVNL","GODFRYPHLP,M&M,TRENT","COCHINSHIP,DIXON",-0.04
2024-08-20,2024-08-19,8401797.20,8387801.49,8401797.20,-425778.33,5,1677560.30,"OIL,TRENT","EXIDEIND,IREDA","COCHINSHIP,DIXON,RVNL",-4.83
2024-09-17,2024-09-16,8148717.76,8146634.28,8148717.76,-253079.44,5,1629326.86,"GODFRYPHLP,KALYANKJIL,PAYTM,SUZLON","COCHINSHIP,DIXON,OIL,TRENT",RVNL,-3.02
2024-10-16,2024-10-15,7733804.93,7721513.89,7733804.93,-414912.83,5,1544302.78,"POWERINDIA,TRENT","RVNL,SUZLON","GODFRYPHLP,KALYANKJIL,PAYTM",-5.09
2024-11-13,2024-11-12,7054647.43,7050701.43,7054647.43,-679157.50,5,1410140.29,"BSE,COFORGE,FORTIS","PAYTM,POWERINDIA,TRENT","GODFRYPHLP,KALYANKJIL",-8.80
2024-12-13,2024-12-12,7669691.78,7665428.12,7669691.78,615044.35,5,1533085.62,DIXON,KALYANKJIL,"BSE,COFORGE,FORTIS,GODFRYPHLP",8.72
2025-01-13,2025-01-10,7050020.05,7039271.58,7050020.05,-619671.73,5,1407854.32,"MAXHEALTH,PREMIERENE","FORTIS,GODFRYPHLP","BSE,COFORGE,DIXON",-8.08
2025-02-07,2025-02-06,6798656.92,6792062.98,6798656.92,-251363.14,5,1358412.60,"LAURUSLABS,RADICO,SRF","DIXON,MAXHEALTH,PREMIERENE","BSE,COFORGE",-3.57
2025-03-10,2025-03-07,6174937.94,6170966.41,6174937.94,-623718.97,5,1234193.28,"BLUESTARCO,INDIGO,SBICARD","BSE,COFORGE,RADICO","LAURUSLABS,SRF",-9.18
2025-04-09,2025-04-08,6142806.78,6137835.93,6142806.78,-32131.16,5,1227567.19,"BAJFINANCE,BDL,GODFRYPHLP","BLUESTARCO,LAURUSLABS,SBICARD","INDIGO,SRF",-0.52
2025-05-13,2025-05-12,6965262.67,6962312.54,6965262.67,822455.89,5,1392462.51,"NYKAA,SBICARD,UPL","BAJFINANCE,INDIGO,SRF","BDL,GODFRYPHLP",13.40
2025-06-10,2025-06-09,7437331.51,7434239.03,7437331.51,472068.84,5,1486847.81,"BSE,COROMANDEL,MODEFENCE,POWERINDIA","BDL,NYKAA,SBICARD,UPL",GODFRYPHLP,6.78
2025-07-08,2025-07-07,7283337.86,7280302.96,7283337.86,-153993.65,5,1456060.59,"ABCAPITAL,BDL,LAURUSLABS","BSE,COROMANDEL,POWERINDIA","GODFRYPHLP,MODEFENCE",-2.07
2025-08-05,2025-08-04,7190193.64,7168307.22,7190193.64,-93144.23,5,1433661.44,"BSE,ETERNAL,POWERINDIA","ABCAPITAL,BDL,MODEFENCE","GODFRYPHLP,LAURUSLABS",-1.28
2025-09-04,2025-09-03,7230421.09,7223006.80,7230421.09,40227.45,5,1444601.36,"GLENMARK,GVT&D,HEROMOTOCO,PAYTM","BSE,GODFRYPHLP,LAURUSLABS,POWERINDIA",ETERNAL,0.56
2025-10-03,2025-10-01,7133608.66,7125653.12,7133608.66,-96812.43,5,1425130.62,"EICHERMOT,LAURUSLABS,TATAINVEST","GLENMARK,HEROMOTOCO,PAYTM","ETERNAL,GVT&D",-1.34
2025-11-03,2025-10-31,6863929.81,6858963.11,6863929.81,-269678.85,5,1371792.62,"HEROMOTOCO,HINDALCO,IDEA,PAYTM","EICHERMOT,ETERNAL,GVT&D,TATAINVEST",LAURUSLABS,-3.78
2025-12-02,2025-12-01,7316991.84,7315777.43,7316991.84,453062.03,5,1463155.49,"ASHOKLEY,LTF,NATIONALUM","HINDALCO,LAURUSLABS,PAYTM","HEROMOTOCO,IDEA",6.61
2025-12-31,2025-12-30,7887706.15,7885621.88,7887706.15,570714.31,5,1577124.38,"BHARATFORG,SHRIRAMFIN","HEROMOTOCO,LTF","ASHOKLEY,IDEA,NATIONALUM",7.80
2026-01-29,2026-01-28,8268142.28,8267298.90,8268142.28,380436.13,5,1653459.78,PSUBNKBEES,BHARATFORG,"ASHOKLEY,IDEA,NATIONALUM,SHRIRAMFIN",4.82
2026-02-26,2026-02-25,8623026.29,8620892.97,8623026.29,354884.00,5,1724178.59,"BHARATFORG,INDUSTOWER","IDEA,PSUBNKBEES","ASHOKLEY,NATIONALUM,SHRIRAMFIN",4.29
2026-03-30,2026-03-27,7623531.64,7619363.21,7623531.64,-999494.64,5,1523872.64,"GVT&D,LENSKART,MCX","ASHOKLEY,INDUSTOWER,SHRIRAMFIN","BHARATFORG,NATIONALUM",-11.59
2026-04-30,2026-04-29,8794130.82,8781198.35,8794130.82,1170599.18,5,1756239.67,"GROWW,ONGC,POWERINDIA","GVT&D,LENSKART,MCX","BHARATFORG,NATIONALUM",15.36
2026-05-28,2026-05-27,8694371.04,8671540.85,8694371.04,-99759.78,5,1734308.17,"ADANIENT,ATGL,BSE,OFSS","BHARATFORG,GROWW,NATIONALUM,ONGC",POWERINDIA,-1.14
2026-06-25,2026-06-24,8322251.56,8315391.62,8322251.56,-372119.48,5,1663078.32,"BHEL,LAURUSLABS","BSE,POWERINDIA","ADANIENT,ATGL,OFSS",-4.29
2026-07-23,2026-07-22,8575810.69,8563041.38,8575810.69,253559.13,5,1712608.28,KALYANKJIL,ATGL,"ADANIENT,BHEL,LAURUSLABS,OFSS",3.05
2026-08-20,2026-08-19,8875715.90,8868659.55,8875715.90,299905.21,5,1773731.91,"EXIDEIND,IDEA,RADICO","ADANIENT,BHEL,KALYANKJIL","LAURUSLABS,OFSS",3.50
2026-09-17,2026-09-16,8630557.67,8626263.85,8630557.67,-245158.22,5,1725252.77,"COFORGE,KALYANKJIL,LENSKART,PAYTM","EXIDEIND,IDEA,OFSS,RADICO",LAURUSLABS,-2.76
