year,start_date,end_date,start_equity,end_equity,contributions,period_pnl,yearly_return_pct,cagr_pct,rebalance_count
2010,2010-05-17,2010-12-31,100000.00,134067.75,0.00,34067.75,34.07,59.94,9
2011,2010-12-31,2011-12-30,134067.75,137067.59,0.00,2999.84,2.24,21.47,12
2012,2011-12-30,2012-12-31,137067.59,155675.20,0.00,18607.61,13.58,18.36,12
2013,2012-12-31,2013-12-31,155675.20,157847.62,0.00,2172.42,1.40,13.42,12
2014,2013-12-31,2014-12-31,157847.62,296733.42,0.00,138885.80,87.99,26.52,13
2015,2014-12-31,2015-12-31,296733.42,370298.19,0.00,73564.77,24.79,26.21,12
2016,2015-12-31,2016-12-30,370298.19,434889.08,0.00,64590.89,17.44,24.85,12
2017,2016-12-30,2017-12-29,434889.08,619821.68,0.00,184932.60,42.52,27.05,13
2018,2017-12-29,2018-12-31,619821.68,728684.02,0.00,108862.34,17.56,25.90,12
2019,2018-12-31,2019-12-31,728684.02,668745.54,0.00,-59938.48,-8.23,21.83,12
2020,2019-12-31,2020-12-31,668745.54,958906.61,0.00,290161.07,43.39,23.71,13
2021,2020-12-31,2021-12-31,958906.61,2121134.93,0.00,1162228.32,121.20,30.05,12
2022,2021-12-31,2022-12-30,2121134.93,2627913.98,0.00,506779.05,23.89,29.56,13
2023,2022-12-30,2023-12-29,2627913.98,5498912.93,0.00,2870998.95,109.25,34.21,12
2024,2023-12-29,2024-12-31,5498912.93,7502616.19,0.00,2003703.26,36.44,34.34,12
2025,2024-12-31,2025-12-31,7502616.19,7693251.62,0.00,190635.43,2.54,32.04,13
2026,2025-12-31,2026-09-30,7693251.62,8513420.09,0.00,820168.47,10.66,31.19,9
